Freq (Hz),Temp (K),bloco,Temp,Freq,Modulo Real (MPa),Modulo Imaginario (Mpa),Fator de Perda (Mpa)
0.1,233,B1,T1,F1,1267.9979,351.56351,0.27737
0.1,233,B2,T1,F1,1026.2822,335.33243,0.32642
0.1,233,B3,T1,F1,1504.0133,408.77591,0.27183
0.1,233,B4,T1,F1,1086.9518,352.19974,0.32411
0.1,233,B5,T1,F1,1088.1246,359.28055,0.33026
0.1,233,B6,T1,F1,1363.0309,473.86191,0.34745
0.1,233,B7,T1,F1,1212.0845,433.73294,0.35773
0.1,233,B8,T1,F1,1045.812,376.45468,0.35977
0.1,233,B9,T1,F1,956.8641,348.44818,0.36416
0.1,233,B10,T1,F1,1239.879,410.26816,0.33094
0.1,233,B11,T1,F1,1090.0696,332.77899,0.3053
0.1,233,B12,T1,F1,818.1754,303.27695,0.37075
0.1,233,B13,T1,F1,1201.1768,347.0491,0.28893
0.1,233,B14,T1,F1,1049.5632,323.94846,0.30862
0.1,233,B15,T1,F1,1063.655,334.2926,0.31431
0.1,233,B16,T1,F1,1210.8252,402.30225,0.33224
0.1,233,B17,T1,F1,1166.0189,342.16467,0.29346
0.1,233,B18,T1,F1,1252.4142,431.52585,0.34458
0.1,233,B19,T1,F1,987.7854,334.39197,0.33848
0.1,233,B20,T1,F1,1049.8882,300.34012,0.28608
0.1,233,B21,T1,F1,1273.2582,375.46173,0.29489
0.1,233,B22,T1,F1,1184.0607,468.90881,0.39599
0.1,233,B23,T1,F1,1150.7308,355.38217,0.30881
0.1,233,B24,T1,F1,1155.6907,391.54343,0.33879
0.1,233,B25,T1,F1,1219.9064,415.39395,0.34057
0.2,233,B1,T1,F2,1179.9683,417.59207,0.35372
0.2,233,B2,T1,F2,1240.5032,348.59329,0.28101
0.2,233,B3,T1,F2,1593.2705,392.70837,0.24661
0.2,233,B4,T1,F2,1186.1106,313.82648,0.26441
0.2,233,B5,T1,F2,1238.486,317.80432,0.25666
0.2,233,B6,T1,F2,1359.0488,376.52451,0.27739
0.2,233,B7,T1,F2,1374.416,368.27664,0.26794
0.2,233,B8,T1,F2,1259.8289,360.26385,0.28618
0.2,233,B9,T1,F2,1088.0289,327.98282,0.30149
0.2,233,B10,T1,F2,1328.9109,339.09747,0.25533
0.2,233,B11,T1,F2,1313.3103,40.17186,0.0466
0.2,233,B12,T1,F2,1034.9495,327.18652,0.31635
0.2,233,B13,T1,F2,1418.6835,336.02405,0.23688
0.2,233,B14,T1,F2,1180.0938,297.31638,0.25195
0.2,233,B15,T1,F2,1206.4139,308.68155,0.25588
0.2,233,B16,T1,F2,1463.4371,398.30188,0.27208
0.2,233,B17,T1,F2,1239.5756,291.51666,0.23513
0.2,233,B18,T1,F2,1453.0691,400.34698,0.27554
0.2,233,B19,T1,F2,1132.3284,332.51053,0.29364
0.2,233,B20,T1,F2,1171.3649,263.2471,0.22452
0.2,233,B21,T1,F2,1466.6821,378.45636,0.25805
0.2,233,B22,T1,F2,1331.2117,384.56586,0.28884
0.2,233,B23,T1,F2,1368.2939,359.57095,0.26264
0.2,233,B24,T1,F2,1277.8873,332.77963,0.26039
0.2,233,B25,T1,F2,1390.7544,377.0686,0.27126
0.5,233,B1,T1,F3,1571.2842,391.89114,0.24912
0.5,233,B2,T1,F3,1347.9751,337.8555,0.25032
0.5,233,B3,T1,F3,1776.3678,385.09232,0.21754
0.5,233,B4,T1,F3,1393.9385,328.54025,0.23559
0.5,233,B5,T1,F3,1389.5754,330.38855,0.23783
0.5,233,B6,T1,F3,1663.0879,420.62851,0.25308
0.5,233,B7,T1,F3,1620.7911,390.38162,0.24088
0.5,233,B8,T1,F3,1433.9666,366.32788,0.25552
0.5,233,B9,T1,F3,1283.765,346.43225,0.26994
0.5,233,B10,T1,F3,1543.4043,349.56558,0.22653
0.5,233,B11,T1,F3,1472.4481,343.80383,0.23349
0.5,233,B12,T1,F3,1266.7936,368.10416,0.29066
0.5,233,B13,T1,F3,1607.8837,357.44977,0.22232
0.5,233,B14,T1,F3,1318.3143,309.10718,0.2345
0.5,233,B15,T1,F3,1334.3807,308.33505,0.23109
0.5,233,B16,T1,F3,1694.6927,416.40115,0.24569
0.5,233,B17,T1,F3,1392.3724,286.67258,0.20585
0.5,233,B18,T1,F3,1593.5787,399.29309,0.25062
0.5,233,B19,T1,F3,1345.4283,358.2901,0.26631
0.5,233,B20,T1,F3,1278.6388,268.46729,0.20997
0.5,233,B21,T1,F3,1725.5283,402.12631,0.23307
0.5,233,B22,T1,F3,1590.5691,432.91913,0.27227
0.5,233,B23,T1,F3,1575.5569,408.15189,0.25905
0.5,233,B24,T1,F3,1480.6852,348.37744,0.23534
0.5,233,B25,T1,F3,1587.2975,399.04953,0.25159
1,233,B1,T1,F4,1751.6453,392.22009,0.22381
1,233,B2,T1,F4,1475.4034,320.31915,0.21657
1,233,B3,T1,F4,1985.3549,369.78775,0.18651
1,233,B4,T1,F4,1547.6768,325.91565,0.21051
1,233,B5,T1,F4,1553.17,324.83902,0.2092
1,233,B6,T1,F4,1867.6089,411.21912,0.22037
1,233,B7,T1,F4,1800.6562,389.05701,0.21607
1,233,B8,T1,F4,1586.3835,359.31009,0.22655
1,233,B9,T1,F4,1439.6799,347.64868,0.24152
1,233,B10,T1,F4,1706.7268,348.2486,0.20403
1,233,B11,T1,F4,1624.5002,330.11987,0.20322
1,233,B12,T1,F4,1424.9501,371.03177,0.26042
1,233,B13,T1,F4,1748.0679,347.50409,0.1988
1,233,B14,T1,F4,1442.8874,295.53983,0.20482
1,233,B15,T1,F4,1473.6096,305.85413,0.20756
1,233,B16,T1,F4,1858.5253,412.21695,0.22178
1,233,B17,T1,F4,1530.7633,277.24713,0.18109
1,233,B18,T1,F4,1787.964,405.2482,0.2267
1,233,B19,T1,F4,1503.2164,359.3118,0.23901
1,233,B20,T1,F4,1399.0492,258.72122,0.18494
1,233,B21,T1,F4,1901.4683,393.57574,0.20702
1,233,B22,T1,F4,1792.1039,430.74075,0.24042
1,233,B23,T1,F4,1731.6564,403.25327,0.23289
1,233,B24,T1,F4,1644.9139,343.78217,0.20901
1,233,B25,T1,F4,1740.1533,393.75339,0.22636
2,233,B1,T1,F5,1930.5938,382.63147,0.19808
2,233,B2,T1,F5,1622.8807,322.97241,0.19851
2,233,B3,T1,F5,2172.3198,361.12527,0.16644
2,233,B4,T1,F5,1692.7936,320.37378,0.18924
2,233,B5,T1,F5,1702.9379,318.31952,0.18694
2,233,B6,T1,F5,2061.4819,413.73456,0.20084
2,233,B7,T1,F5,1984.7374,380.90738,0.1919
2,233,B8,T1,F5,1739.1519,359.86917,0.20697
2,233,B9,T1,F5,1602.1146,348.36111,0.21748
2,233,B10,T1,F5,1857.3606,343.08563,0.18472
2,233,B11,T1,F5,1770.0414,319.40186,0.18045
2,233,B12,T1,F5,1577.9965,378.84146,0.24008
2,233,B13,T1,F5,1879.1288,341.38739,0.18168
2,233,B14,T1,F5,1578.1235,292.24661,0.18518
2,233,B15,T1,F5,1597.1924,298.60278,0.18696
2,233,B16,T1,F5,1996.9331,407.875,0.20423
2,233,B17,T1,F5,1645.2639,269.35184,0.1637
2,233,B18,T1,F5,1970.6223,393.36737,0.19964
2,233,B19,T1,F5,1648.6265,362.26883,0.21976
2,233,B20,T1,F5,1510.4076,249.60728,0.16527
2,233,B21,T1,F5,2078.3333,387.61398,0.1865
2,233,B22,T1,F5,1979.1968,423.65018,0.21412
2,233,B23,T1,F5,1895.4861,394.49768,0.20817
2,233,B24,T1,F5,1803.1326,339.18231,0.18813
2,233,B25,T1,F5,1914.1035,390.85922,0.20426
5,233,B1,T1,F6,2158.6511,358.48224,0.16602
5,233,B2,T1,F6,1799.1277,307.88364,0.17091
5,233,B3,T1,F6,2375.1382,325.49136,0.13712
5,233,B4,T1,F6,1866.9139,301.75677,0.16162
5,233,B5,T1,F6,1897.1935,294.70639,0.15535
5,233,B6,T1,F6,2308.7656,376.27078,0.16306
5,233,B7,T1,F6,2188.2153,358.05984,0.16364
5,233,B8,T1,F6,1923.9707,337.42389,0.17542
5,233,B9,T1,F6,1813.1542,318.77704,0.17582
5,233,B10,T1,F6,2054.6626,304.94244,0.14843
5,233,B11,T1,F6,1958.9017,298.62854,0.15245
5,233,B12,T1,F6,1777.009,363.6792,0.20464
5,233,B13,T1,F6,2056.1257,314.10934,0.15277
5,233,B14,T1,F6,1732.6572,260.42926,0.15029
5,233,B15,T1,F6,1761.9407,279.384,0.15857
5,233,B16,T1,F6,2209.2944,367.70062,0.16643
5,233,B17,T1,F6,1800.5669,246.66853,0.13696
5,233,B18,T1,F6,2191.1846,385.78046,0.17606
5,233,B19,T1,F6,1853.1239,342.57007,0.18487
5,233,B20,T1,F6,1644.5166,227.93449,0.13861
5,233,B21,T1,F6,2299.4148,372.90726,0.16218
5,233,B22,T1,F6,2223.696,418.32413,0.18818
5,233,B23,T1,F6,2103.6504,374.9216,0.17824
5,233,B24,T1,F6,1992.7895,328.96759,0.16506
5,233,B25,T1,F6,2136.8572,374.00848,0.17513
10,233,B1,T1,F7,2342.831,344.42096,0.14713
10,233,B2,T1,F7,1962.8016,305.27856,0.15517
10,233,B3,T1,F7,2526.1636,303.44724,0.12015
10,233,B4,T1,F7,2001.2839,292.56421,0.14617
10,233,B5,T1,F7,2036.5356,272.00375,0.13353
10,233,B6,T1,F7,2458.9011,362.23157,0.1474
10,233,B7,T1,F7,2388.9749,336.07742,0.14045
10,233,B8,T1,F7,2069.9587,339.95837,0.16417
10,233,B9,T1,F7,1941.7576,323.32687,0.16654
10,233,B10,T1,F7,2181.8303,298.41168,0.13677
10,233,B11,T1,F7,2104.4966,306.46881,0.14566
10,233,B12,T1,F7,1925.2613,335.86499,0.17438
10,233,B13,T1,F7,2195.5142,329.08627,0.14991
10,233,B14,T1,F7,1854.3779,258.3894,0.13938
10,233,B15,T1,F7,1882.7499,290.21515,0.15412
10,233,B16,T1,F7,2362.6519,361.60052,0.15305
10,233,B17,T1,F7,1886.0238,248.85764,0.13199
10,233,B18,T1,F7,2363.031,360.29611,0.15247
10,233,B19,T1,F7,2026.0376,332.69702,0.16422
10,233,B20,T1,F7,1741.0856,219.04758,0.12582
10,233,B21,T1,F7,2503.0803,345.42175,0.13799
10,233,B22,T1,F7,2439.6853,364.60101,0.14945
10,233,B23,T1,F7,2272.5542,368.52704,0.16217
10,233,B24,T1,F7,2138.9993,305.03333,0.14263
10,233,B25,T1,F7,2289.1287,347.18417,0.15165
20,233,B1,T1,F8,2440.8359,329.62622,0.13499
20,233,B2,T1,F8,2077.8152,195.40686,0.09359
20,233,B3,T1,F8,2647.3989,279.03705,0.1055
20,233,B4,T1,F8,2111.0981,268.18103,0.12703
20,233,B5,T1,F8,2219.0181,262.97412,0.11851
20,233,B6,T1,F8,2665.4282,409.98499,0.15357
20,233,B7,T1,F8,2436.511,291.51428,0.11963
20,233,B8,T1,F8,2255.5173,302.7226,0.13433
20,233,B9,T1,F8,2068.7568,290.53479,0.14045
20,233,B10,T1,F8,2303.832,258.29068,0.11221
20,233,B11,T1,F8,2235.292,308.37015,0.13792
20,233,B12,T1,F8,2096.9731,334.54248,0.15945
20,233,B13,T1,F8,2326.6755,267.35861,0.1149
20,233,B14,T1,F8,1901.0347,254.06665,0.13359
20,233,B15,T1,F8,1999.0624,275.82986,0.13803
20,233,B16,T1,F8,2498.0681,356.54807,0.14283
20,233,B17,T1,F8,1990.0962,221.38319,0.11123
20,233,B18,T1,F8,2472.5566,413.76941,0.16721
20,233,B19,T1,F8,2171.866,308.23428,0.14193
20,233,B20,T1,F8,1824.7029,208.14786,0.11408
20,233,B21,T1,F8,2550.7075,275.07831,0.10788
20,233,B22,T1,F8,2557.5354,320.55444,0.12525
20,233,B23,T1,F8,2435.9907,410.03928,0.16826
20,233,B24,T1,F8,2291.3081,296.08243,0.1292
20,233,B25,T1,F8,2454.4343,295.70526,0.1205
50,233,B1,T1,F9,2679.2649,349.42221,0.13052
50,233,B2,T1,F9,2201.9353,266.28473,0.12076
50,233,B3,T1,F9,2810.4785,261.98618,0.09318
50,233,B4,T1,F9,2234.5667,274.93445,0.12304
50,233,B5,T1,F9,2331.3684,313.03351,0.13419
50,233,B6,T1,F9,2857.887,297.49377,0.10411
50,233,B7,T1,F9,2714.2961,320.0253,0.11798
50,233,B8,T1,F9,2367.1543,302.64706,0.12781
50,233,B9,T1,F9,2247.1533,305.77383,0.13615
50,233,B10,T1,F9,2487.6401,251.44569,0.10109
50,233,B11,T1,F9,2374.8384,255.22095,0.10748
50,233,B12,T1,F9,2196.1482,356.5246,0.16241
50,233,B13,T1,F9,2507.5986,278.44727,0.11099
50,233,B14,T1,F9,2104.1924,246.84184,0.11734
50,233,B15,T1,F9,2095.1829,213.12483,0.10168
50,233,B16,T1,F9,2688.2978,308.80478,0.11488
50,233,B17,T1,F9,2086.3777,236.20187,0.11319
50,233,B18,T1,F9,2702.8748,348.82141,0.12909
50,233,B19,T1,F9,2358.9292,327.09521,0.13861
50,233,B20,T1,F9,1904.9827,198.8289,0.10438
50,233,B21,T1,F9,2775.4121,286.76221,0.10333
50,233,B22,T1,F9,2776.2141,321.40982,0.11569
50,233,B23,T1,F9,2602.0503,366.13345,0.14077
50,233,B24,T1,F9,2364.1152,265.70044,0.11241
50,233,B25,T1,F9,2630.5215,300.04886,0.11416
100,233,B1,T1,F10,2974.7712,769.04004,0.25883
100,233,B2,T1,F10,2487.2085,675.31573,0.27586
100,233,B3,T1,F10,2959.7588,653.3645,0.22092
100,233,B4,T1,F10,2316.6748,265.70084,0.11468
100,233,B5,T1,F10,2780.2292,256.42389,0.09069
100,233,B6,T1,F10,3708.3787,17.45234,0.00394
100,233,B7,T1,F10,3278.5842,131.70294,0.04171
100,233,B8,T1,F10,2577.8193,814.38367,0.31402
100,233,B9,T1,F10,2380.1685,410.68564,0.17422
100,233,B10,T1,F10,2911.0515,247.42059,0.08498
100,233,B11,T1,F10,2702.0754,513.54895,0.19016
100,233,B12,T1,F10,2523.8203,321.73676,0.12743
100,233,B13,T1,F10,2820.7852,324.06564,0.11349
100,233,B14,T1,F10,2192.0689,395.64929,0.18049
100,233,B15,T1,F10,2230.2173,401.8591,0.18022
100,233,B16,T1,F10,2664.2488,141.85864,0.05322
100,233,B17,T1,F10,2214.9255,14.83153,0.00632
100,233,B18,T1,F10,3437.426,37.26427,0.00865
100,233,B19,T1,F10,2408.8267,698.07336,0.29061
100,233,B20,T1,F10,2082.792,284.30325,0.13662
100,233,B21,T1,F10,3079.6018,1134.17065,0.37019
100,233,B22,T1,F10,3307.6555,63.32631,0.01563
100,233,B23,T1,F10,2695.5994,379.26666,0.14087
100,233,B24,T1,F10,2530.5393,438.14523,0.17299
100,233,B25,T1,F10,2942.7266,119.99393,0.04098
0.1,253,B1,T2,F1,156.44882,94.69061,0.60525
0.1,253,B2,T2,F1,123.92115,75.75424,0.61132
0.1,253,B3,T2,F1,160.82791,97.55378,0.60666
0.1,253,B4,T2,F1,168.72009,102.29559,0.66294
0.1,253,B5,T2,F1,98.44751,61.77826,0.62752
0.1,253,B6,T2,F1,166.258,100.69439,0.60575
0.1,253,B7,T2,F1,131.06024,82.26891,0.62778
0.1,253,B8,T2,F1,136.83591,86.09237,0.62884
0.1,253,B9,T2,F1,103.809,65.75974,0.63346
0.1,253,B10,T2,F1,117.76999,74.21067,0.63011
0.1,253,B11,T2,F1,101.21839,65.54768,0.64758
0.1,253,B12,T2,F1,75.89015,49.73256,0.65532
0.1,253,B13,T2,F1,155.13351,92.78039,0.59806
0.1,253,B14,T2,F1,99.4808,63.82274,0.64155
0.1,253,B15,T2,F1,102.00965,64.93992,0.6366
0.1,253,B16,T2,F1,125.73318,79.93065,0.6357
0.1,253,B17,T2,F1,94.19337,59.53549,0.63203
0.1,253,B18,T2,F1,121.24688,76.97673,0.63487
0.1,253,B19,T2,F1,92.65263,59.26463,0.63964
0.1,253,B20,T2,F1,104.20558,65.34939,0.62711
0.1,253,B21,T2,F1,120.80266,76.55527,0.6337
0.1,253,B22,T2,F1,101.72582,66.93332,0.65797
0.1,253,B23,T2,F1,121.14234,76.27293,0.62961
0.1,253,B24,T2,F1,115.06389,73.08904,0.63516
0.1,253,B25,T2,F1,112.32817,72.49728,0.64542
0.2,253,B1,T2,F2,187.57033,109.80937,0.58542
0.2,253,B2,T2,F2,156.67264,91.68652,0.58517
0.2,253,B3,T2,F2,210.27296,121.69176,0.57949
0.2,253,B4,T2,F2,219.45087,125.10181,0.60729
0.2,253,B5,T2,F2,128.54449,77.8285,0.60528
0.2,253,B6,T2,F2,216.25423,125.0408,0.57814
0.2,253,B7,T2,F2,141.41199,87.61964,0.62022
0.2,253,B8,T2,F2,146.77748,88.54184,0.60861
0.2,253,B9,T2,F2,130.40015,79.82306,0.61213
0.2,253,B10,T2,F2,158.21663,95.03497,0.60061
0.2,253,B11,T2,F2,130.66562,82.47113,0.63108
0.2,253,B12,T2,F2,98.41039,63.32843,0.64352
0.2,253,B13,T2,F2,197.52563,112.91013,0.57164
0.2,253,B14,T2,F2,129.88124,80.35573,0.61869
0.2,253,B15,T2,F2,131.5054,80.97224,0.61574
0.2,253,B16,T2,F2,160.77087,98.63601,0.61344
0.2,253,B17,T2,F2,122.54543,74.81052,0.61044
0.2,253,B18,T2,F2,141.76991,88.30995,0.62278
0.2,253,B19,T2,F2,121.71532,75.33119,0.61895
0.2,253,B20,T2,F2,140.67,84.5829,0.6013
0.2,253,B21,T2,F2,151.83304,92.22595,0.60736
0.2,253,B22,T2,F2,130.27905,83.9287,0.64422
0.2,253,B23,T2,F2,158.36218,96.34281,0.60835
0.2,253,B24,T2,F2,146.75548,90.34571,0.6155
0.2,253,B25,T2,F2,142.27531,88.48819,0.62197
0.5,253,B1,T2,F3,249.83987,139.39449,0.55804
0.5,253,B2,T2,F3,220.2963,123.01633,0.55843
0.5,253,B3,T2,F3,284.89471,156.17252,0.54811
0.5,253,B4,T2,F3,290.93417,157.325,0.56389
0.5,253,B5,T2,F3,173.93346,101.90598,0.58568
0.5,253,B6,T2,F3,297.25504,162.47856,0.54655
0.5,253,B7,T2,F3,216.54077,126.20032,0.58397
0.5,253,B8,T2,F3,230.71851,129.35817,0.56675
0.5,253,B9,T2,F3,183.34259,107.81664,0.58806
0.5,253,B10,T2,F3,222.89436,127.56517,0.57226
0.5,253,B11,T2,F3,180.51358,109.04301,0.60398
0.5,253,B12,T2,F3,140.39941,88.06958,0.62723
0.5,253,B13,T2,F3,266.42722,143.77969,0.53967
0.5,253,B14,T2,F3,183.63885,108.76757,0.59232
0.5,253,B15,T2,F3,187.96315,110.63939,0.58866
0.5,253,B16,T2,F3,228.11829,133.2261,0.58396
0.5,253,B17,T2,F3,171.89175,100.05457,0.58211
0.5,253,B18,T2,F3,205.13905,122.09055,0.59506
0.5,253,B19,T2,F3,172.64688,103.02569,0.59677
0.5,253,B20,T2,F3,197.71129,112.31293,0.56799
0.5,253,B21,T2,F3,212.98232,124.62495,0.58502
0.5,253,B22,T2,F3,182.35619,113.34089,0.62159
0.5,253,B23,T2,F3,219.55164,127.47872,0.5806
0.5,253,B24,T2,F3,205.3391,120.51161,0.58674
0.5,253,B25,T2,F3,207.61548,122.93589,0.59215
1,253,B1,T2,F4,321.44781,170.63565,0.53101
1,253,B2,T2,F4,280.27744,149.57523,0.53368
1,253,B3,T2,F4,356.83963,186.15521,0.52146
1,253,B4,T2,F4,357.36041,183.07903,0.52852
1,253,B5,T2,F4,217.8468,123.05904,0.56468
1,253,B6,T2,F4,369.57996,192.62711,0.5212
1,253,B7,T2,F4,282.59467,156.55931,0.55514
1,253,B8,T2,F4,306.5741,161.427,0.53133
1,253,B9,T2,F4,235.78246,132.9511,0.56387
1,253,B10,T2,F4,282.0173,153.79666,0.54526
1,253,B11,T2,F4,233.21619,134.4962,0.57666
1,253,B12,T2,F4,182.09625,110.4467,0.60645
1,253,B13,T2,F4,335.91763,172.14497,0.51248
1,253,B14,T2,F4,233.70071,132.61429,0.56751
1,253,B15,T2,F4,242.02264,135.743,0.56092
1,253,B16,T2,F4,291.96732,162.66905,0.55707
1,253,B17,T2,F4,220.64072,123.16382,0.55826
1,253,B18,T2,F4,267.52792,151.94458,0.56788
1,253,B19,T2,F4,221.62889,127.51517,0.5754
1,253,B20,T2,F4,250.27805,135.19882,0.54007
1,253,B21,T2,F4,271.92053,152.66591,0.5613
1,253,B22,T2,F4,236.72585,141.58252,0.59814
1,253,B23,T2,F4,278.41153,155.00697,0.55671
1,253,B24,T2,F4,265.29596,148.42155,0.55929
1,253,B25,T2,F4,268.08389,151.50142,0.5651
2,253,B1,T2,F5,406.65677,204.33511,0.5027
2,253,B2,T2,F5,351.63528,178.17711,0.50668
2,253,B3,T2,F5,444.69861,218.49599,0.49114
2,253,B4,T2,F5,439.74078,212.03854,0.49398
2,253,B5,T2,F5,275.17609,148.29243,0.53874
2,253,B6,T2,F5,457.01361,225.0769,0.49254
2,253,B7,T2,F5,362.04453,189.8212,0.52532
2,253,B8,T2,F5,390.17807,193.38063,0.49949
2,253,B9,T2,F5,299.62811,160.93907,0.53711
2,253,B10,T2,F5,352.20712,182.58189,0.51829
2,253,B11,T2,F5,298.1026,162.89706,0.54641
2,253,B12,T2,F5,233.37665,135.94836,0.58243
2,253,B13,T2,F5,417.85327,201.62352,0.48254
2,253,B14,T2,F5,295.72198,159.07608,0.53798
2,253,B15,T2,F5,305.15793,162.64851,0.53303
2,253,B16,T2,F5,369.25122,195.46689,0.52927
2,253,B17,T2,F5,278.33362,147.64751,0.53053
2,253,B18,T2,F5,341.68658,184.50096,0.5399
2,253,B19,T2,F5,279.69943,154.05457,0.55083
2,253,B20,T2,F5,311.19946,158.87129,0.5104
2,253,B21,T2,F5,344.66751,183.75331,0.53302
2,253,B22,T2,F5,303.34818,172.71373,0.56945
2,253,B23,T2,F5,350.89722,185.77754,0.52939
2,253,B24,T2,F5,334.48065,177.90849,0.53174
2,253,B25,T2,F5,340.5137,183.48378,0.53881
5,253,B1,T2,F6,542.00378,248.79712,0.45925
5,253,B2,T2,F6,466.31064,217.37613,0.46614
5,253,B3,T2,F6,587.82098,262.10596,0.4457
5,253,B4,T2,F6,571.95355,250.10213,0.44562
5,253,B5,T2,F6,371.71005,185.9431,0.50007
5,253,B6,T2,F6,603.84302,271.46182,0.44961
5,253,B7,T2,F6,489.06204,235.18095,0.48183
5,253,B8,T2,F6,519.77008,235.00755,0.45514
5,253,B9,T2,F6,404.41321,200.40244,0.49552
5,253,B10,T2,F6,466.61514,222.21997,0.47612
5,253,B11,T2,F6,404.27353,202.42407,0.5007
5,253,B12,T2,F6,321.16006,174.09096,0.54197
5,253,B13,T2,F6,547.02307,241.28047,0.44109
5,253,B14,T2,F6,397.06094,195.5825,0.49262
5,253,B15,T2,F6,409.14612,199.59502,0.48786
5,253,B16,T2,F6,493.13696,240.25742,0.48712
5,253,B17,T2,F6,373.44217,182.35144,0.48835
5,253,B18,T2,F6,462.38675,229.85243,0.49703
5,253,B19,T2,F6,377.44666,193.6265,0.51303
5,253,B20,T2,F6,409.61478,190.92474,0.46601
5,253,B21,T2,F6,463.23416,228.84006,0.4939
5,253,B22,T2,F6,414.54196,218.99005,0.52837
5,253,B23,T2,F6,469.56052,229.32835,0.48835
5,253,B24,T2,F6,447.53259,219.81116,0.49104
5,253,B25,T2,F6,459.37415,226.94724,0.49397
10,253,B1,T2,F7,663.44086,281.66248,0.42479
10,253,B2,T2,F7,570.21875,245.33307,0.43018
10,253,B3,T2,F7,713.00244,294.78885,0.4133
10,253,B4,T2,F7,687.52612,276.3941,0.40814
10,253,B5,T2,F7,461.405,215.75362,0.46747
10,253,B6,T2,F7,733.11597,304.86191,0.4159
10,253,B7,T2,F7,603.49054,268.8107,0.44593
10,253,B8,T2,F7,633.28271,264.84872,0.42032
10,253,B9,T2,F7,501.17957,231.58313,0.46205
10,253,B10,T2,F7,570.48682,254.11264,0.44528
10,253,B11,T2,F7,501.88147,231.98386,0.46223
10,253,B12,T2,F7,403.72214,205.14282,0.50804
10,253,B13,T2,F7,661.41095,267.68802,0.40474
10,253,B14,T2,F7,488.47882,223.01208,0.45657
10,253,B15,T2,F7,501.08597,228.05693,0.45516
10,253,B16,T2,F7,606.96472,276.66733,0.45575
10,253,B17,T2,F7,458.81738,208.89917,0.45536
10,253,B18,T2,F7,574.79401,263.34378,0.45816
10,253,B19,T2,F7,468.80591,226.81644,0.48386
10,253,B20,T2,F7,496.94638,213.82962,0.43022
10,253,B21,T2,F7,573.98309,265.42487,0.46239
10,253,B22,T2,F7,519.74707,255.81165,0.49225
10,253,B23,T2,F7,579.55792,264.061,0.45558
10,253,B24,T2,F7,552.23096,251.73087,0.45578
10,253,B25,T2,F7,566.64508,262.54288,0.46326
20,253,B1,T2,F8,797.86664,309.72705,0.38842
20,253,B2,T2,F8,685.41821,276.24121,0.40297
20,253,B3,T2,F8,848.80927,320.53549,0.37754
20,253,B4,T2,F8,806.64282,297.80829,0.37321
20,253,B5,T2,F8,566.43805,244.78986,0.43208
20,253,B6,T2,F8,877.09033,333.25055,0.38
20,253,B7,T2,F8,733.06305,298.00024,0.40726
20,253,B8,T2,F8,753.02069,293.99768,0.3918
20,253,B9,T2,F8,612.65277,260.41498,0.42504
20,253,B10,T2,F8,683.39539,283.32971,0.41451
20,253,B11,T2,F8,613.96967,259.66705,0.42294
20,253,B12,T2,F8,499.04391,236.90852,0.47469
20,253,B13,T2,F8,789.05463,300.23672,0.38051
20,253,B14,T2,F8,595.08014,246.90428,0.41493
20,253,B15,T2,F8,606.18243,256.48401,0.42314
20,253,B16,T2,F8,728.05872,307.38177,0.42214
20,253,B17,T2,F8,555.42987,233.67938,0.42082
20,253,B18,T2,F8,698.62939,304.63327,0.43596
20,253,B19,T2,F8,572.9826,258.49557,0.45117
20,253,B20,T2,F8,593.24567,234.5899,0.39537
20,253,B21,T2,F8,700.33667,296.28067,0.42302
20,253,B22,T2,F8,636.06622,289.53467,0.45535
20,253,B23,T2,F8,699.52606,286.18393,0.4091
20,253,B24,T2,F8,665.73755,278.33588,0.41803
20,253,B25,T2,F8,691.04596,297.38794,0.43027
50,253,B1,T2,F9,1003.27716,347.78329,0.34708
50,253,B2,T2,F9,851.07227,299.06189,0.35136
50,253,B3,T2,F9,1040.73047,349.31186,0.33559
50,253,B4,T2,F9,979.16394,325.9675,0.33511
50,253,B5,T2,F9,717.30591,286.20496,0.39885
50,253,B6,T2,F9,1089.6748,360.10812,0.33045
50,253,B7,T2,F9,924.69257,338.89365,0.37872
50,253,B8,T2,F9,941.56732,319.58304,0.34029
50,253,B9,T2,F9,774.56049,298.28864,0.3851
50,253,B10,T2,F9,856.01697,308.59021,0.36047
50,253,B11,T2,F9,778.41931,298.16098,0.38299
50,253,B12,T2,F9,649.18445,275.88181,0.42491
50,253,B13,T2,F9,969.24121,323.70096,0.33398
50,253,B14,T2,F9,747.63629,280.96481,0.37582
50,253,B15,T2,F9,763.78235,280.55685,0.36734
50,253,B16,T2,F9,932.43018,342.40012,0.36716
50,253,B17,T2,F9,700.74524,259.97012,0.371
50,253,B18,T2,F9,896.18317,343.08542,0.38281
50,253,B19,T2,F9,730.64056,300.68451,0.41157
50,253,B20,T2,F9,732.11597,258.95444,0.3537
50,253,B21,T2,F9,886.89227,333.04816,0.37552
50,253,B22,T2,F9,819.85443,336.37473,0.41028
50,253,B23,T2,F9,879.52081,332.03699,0.37749
50,253,B24,T2,F9,847.75769,317.55032,0.37457
50,253,B25,T2,F9,871.38788,333.08383,0.38221
100,253,B1,T2,F10,1177.55273,393.06281,0.33571
100,253,B2,T2,F10,1006.4447,279.74091,0.27829
100,253,B3,T2,F10,1283.69006,442.9985,0.34509
100,253,B4,T2,F10,1085.55444,420.59436,0.38759
100,253,B5,T2,F10,848.81287,343.83685,0.40496
100,253,B6,T2,F10,1314.82874,430.98279,0.32729
100,253,B7,T2,F10,1041.28491,393.83344,0.36693
100,253,B8,T2,F10,1119.92188,358.57172,0.32528
100,253,B9,T2,F10,893.57587,360.6875,0.4039
100,253,B10,T2,F10,991.70215,308.15173,0.30986
100,253,B11,T2,F10,928.32147,330.68576,0.35638
100,253,B12,T2,F10,798.09869,316.47479,0.39649
100,253,B13,T2,F10,1234.90051,473.46005,0.37721
100,253,B14,T2,F10,850.97693,307.40729,0.36221
100,253,B15,T2,F10,847.74005,346.79721,0.40897
100,253,B16,T2,F10,1012.58911,406.03943,0.39999
100,253,B17,T2,F10,794.37567,317.09604,0.39827
100,253,B18,T2,F10,1084.51953,389.84448,0.35938
100,253,B19,T2,F10,877.41138,368.09067,0.4198
100,253,B20,T2,F10,845.00006,253.62146,0.30002
100,253,B21,T2,F10,1043.30371,401.21436,0.38456
100,253,B22,T2,F10,1011.25476,353.09409,0.35135
100,253,B23,T2,F10,1103.96533,356.83209,0.32342
100,253,B24,T2,F10,990.0567,357.24976,0.361
100,253,B25,T2,F10,994.64923,428.70389,0.43115
0.1,263,B1,T3,F1,30.8222,19.36039,0.62813
0.1,263,B2,T3,F1,31.17231,19.73645,0.69569
0.1,263,B3,T3,F1,37.57078,24.4875,0.71652
0.1,263,B4,T3,F1,37.87819,24.23282,0.63975
0.1,263,B5,T3,F1,28.45539,17.63396,0.6197
0.1,263,B6,T3,F1,30.53099,19.4614,0.63744
0.1,263,B7,T3,F1,33.98129,21.90039,0.70892
0.1,263,B8,T3,F1,27.32596,17.60572,0.64428
0.1,263,B9,T3,F1,25.92071,16.32781,0.62992
0.1,263,B10,T3,F1,30.79685,19.99969,0.6494
0.1,263,B11,T3,F1,32.97013,20.5323,0.68225
0.1,263,B12,T3,F1,21.13841,12.39874,0.58655
0.1,263,B13,T3,F1,33.75757,21.29126,0.63069
0.1,263,B14,T3,F1,27.11521,16.89608,0.62312
0.1,263,B15,T3,F1,27.51824,17.00179,0.61783
0.1,263,B16,T3,F1,29.80906,19.02787,0.63832
0.1,263,B17,T3,F1,26.43016,16.487,0.62381
0.1,263,B18,T3,F1,29.2399,18.42884,0.63025
0.1,263,B19,T3,F1,26.63352,16.53056,0.62067
0.1,263,B20,T3,F1,28.17343,17.58696,0.62414
0.1,263,B21,T3,F1,30.72647,18.93884,0.61636
0.1,263,B22,T3,F1,27.04854,17.04049,0.62998
0.1,263,B23,T3,F1,28.29049,17.84977,0.63094
0.1,263,B24,T3,F1,30.52176,19.33227,0.63339
0.1,263,B25,T3,F1,27.28358,17.2304,0.63152
0.2,263,B1,T3,F2,39.3959,25.79538,0.65469
0.2,263,B2,T3,F2,38.62204,25.27838,0.70502
0.2,263,B3,T3,F2,46.69717,31.26832,0.72187
0.2,263,B4,T3,F2,48.48232,32.05762,0.66123
0.2,263,B5,T3,F2,37.00095,23.9195,0.64636
0.2,263,B6,T3,F2,37.7519,25.09731,0.6648
0.2,263,B7,T3,F2,42.01975,27.95788,0.71534
0.2,263,B8,T3,F2,35.46489,23.71982,0.6688
0.2,263,B9,T3,F2,30.59501,19.90916,0.65071
0.2,263,B10,T3,F2,40.21753,26.9845,0.67093
0.2,263,B11,T3,F2,42.77356,28.12357,0.69853
0.2,263,B12,T3,F2,26.56794,16.63124,0.626
0.2,263,B13,T3,F2,43.51184,28.44775,0.6538
0.2,263,B14,T3,F2,34.66278,22.67839,0.65427
0.2,263,B15,T3,F2,34.74477,22.63215,0.6514
0.2,263,B16,T3,F2,35.63059,23.59007,0.66215
0.2,263,B17,T3,F2,33.76432,21.91842,0.64917
0.2,263,B18,T3,F2,36.97184,24.48967,0.6624
0.2,263,B19,T3,F2,33.76835,22.01666,0.65199
0.2,263,B20,T3,F2,38.01841,24.86255,0.65387
0.2,263,B21,T3,F2,39.13475,25.42555,0.6497
0.2,263,B22,T3,F2,34.1938,22.67061,0.66308
0.2,263,B23,T3,F2,35.91075,23.65227,0.65865
0.2,263,B24,T3,F2,39.02118,25.82839,0.66191
0.2,263,B25,T3,F2,35.24527,23.36055,0.6628
0.5,263,B1,T3,F3,53.84506,36.4518,0.67694
0.5,263,B2,T3,F3,52.74848,35.72285,0.71112
0.5,263,B3,T3,F3,65.90917,45.27988,0.72182
0.5,263,B4,T3,F3,68.22868,46.04971,0.67497
0.5,263,B5,T3,F3,50.65266,34.07748,0.67277
0.5,263,B6,T3,F3,52.73646,36.36285,0.68951
0.5,263,B7,T3,F3,58.19132,40.03574,0.72146
0.5,263,B8,T3,F3,49.77282,34.43699,0.6919
0.5,263,B9,T3,F3,43.01586,29.35232,0.68239
0.5,263,B10,T3,F3,55.50129,38.31107,0.69027
0.5,263,B11,T3,F3,56.27764,38.49473,0.7083
0.5,263,B12,T3,F3,37.15889,25.11218,0.67578
0.5,263,B13,T3,F3,60.4149,40.55085,0.6712
0.5,263,B14,T3,F3,48.76633,33.46759,0.68629
0.5,263,B15,T3,F3,48.18781,32.87965,0.68233
0.5,263,B16,T3,F3,51.25676,35.51636,0.69293
0.5,263,B17,T3,F3,47.87275,32.37641,0.6763
0.5,263,B18,T3,F3,52.09942,35.96903,0.69039
0.5,263,B19,T3,F3,47.09811,32.05353,0.68057
0.5,263,B20,T3,F3,55.84388,37.77068,0.6764
0.5,263,B21,T3,F3,55.24257,37.51643,0.67912
0.5,263,B22,T3,F3,48.44357,33.77666,0.69728
0.5,263,B23,T3,F3,50.53684,34.70692,0.68677
0.5,263,B24,T3,F3,53.41706,36.63253,0.6858
0.5,263,B25,T3,F3,49.90742,34.56729,0.69263
1,263,B1,T3,F4,69.83585,47.71464,0.68325
1,263,B2,T3,F4,68.3233,46.65441,0.70872
1,263,B3,T3,F4,85.42966,58.72638,0.71418
1,263,B4,T3,F4,88.71306,59.84216,0.6746
1,263,B5,T3,F4,65.83025,44.74083,0.67964
1,263,B6,T3,F4,70.00789,48.65384,0.69503
1,263,B7,T3,F4,75.19927,52.07202,0.71726
1,263,B8,T3,F4,64.98881,45.25861,0.69644
1,263,B9,T3,F4,56.98783,39.46317,0.69258
1,263,B10,T3,F4,72.37505,50.12632,0.69263
1,263,B11,T3,F4,71.54686,49.50147,0.70822
1,263,B12,T3,F4,47.99591,33.55728,0.69915
1,263,B13,T3,F4,78.60345,52.896,0.67291
1,263,B14,T3,F4,63.82838,44.36889,0.69512
1,263,B15,T3,F4,62.83052,43.52756,0.69277
1,263,B16,T3,F4,68.11889,47.7076,0.70037
1,263,B17,T3,F4,62.63855,42.74169,0.68235
1,263,B18,T3,F4,68.212,47.64472,0.69847
1,263,B19,T3,F4,61.48359,42.41568,0.68986
1,263,B20,T3,F4,73.21837,49.6795,0.67852
1,263,B21,T3,F4,71.97163,49.49006,0.68762
1,263,B22,T3,F4,64.00537,45.37603,0.70896
1,263,B23,T3,F4,66.04253,45.88762,0.69481
1,263,B24,T3,F4,69.73901,48.31866,0.69285
1,263,B25,T3,F4,65.20863,45.72967,0.70128
2,263,B1,T3,F5,91.38361,62.24248,0.68115
2,263,B2,T3,F5,88.69676,60.29338,0.69969
2,263,B3,T3,F5,110.69704,75.25416,0.70114
2,263,B4,T3,F5,115.81602,76.86429,0.66372
2,263,B5,T3,F5,85.91715,58.21184,0.67753
2,263,B6,T3,F5,92.37911,63.88169,0.69163
2,263,B7,T3,F5,97.57863,67.18606,0.7081
2,263,B8,T3,F5,85.05215,58.87532,0.69227
2,263,B9,T3,F5,75.61819,52.34793,0.6924
2,263,B10,T3,F5,94.68653,64.96882,0.68621
2,263,B11,T3,F5,92.37388,63.74189,0.70131
2,263,B12,T3,F5,62.81464,44.5638,0.70942
2,263,B13,T3,F5,102.41019,68.10934,0.66501
2,263,B14,T3,F5,83.79182,58.04141,0.69267
2,263,B15,T3,F5,82.26495,56.9343,0.69207
2,263,B16,T3,F5,89.88714,62.71412,0.6977
2,263,B17,T3,F5,81.79864,55.59333,0.67964
2,263,B18,T3,F5,89.45398,62.33315,0.69681
2,263,B19,T3,F5,80.56174,55.64188,0.69066
2,263,B20,T3,F5,94.85341,63.66039,0.67111
2,263,B21,T3,F5,93.88239,64.34848,0.6854
2,263,B22,T3,F5,84.09037,59.64333,0.70927
2,263,B23,T3,F5,86.48288,59.94756,0.69315
2,263,B24,T3,F5,91.50188,62.9913,0.68841
2,263,B25,T3,F5,84.9923,59.55228,0.70067
5,263,B1,T3,F6,130.62164,86.82682,0.66481
5,263,B2,T3,F6,125.67455,83.28029,0.678
5,263,B3,T3,F6,157.05901,103.04988,0.6727
5,263,B4,T3,F6,164.79825,105.05349,0.63752
5,263,B5,T3,F6,121.83256,80.6324,0.66182
5,263,B6,T3,F6,133.07588,89.62513,0.67366
5,263,B7,T3,F6,139.07843,93.11322,0.68449
5,263,B8,T3,F6,121.88702,82.02311,0.67297
5,263,B9,T3,F6,108.93732,73.98434,0.67927
5,263,B10,T3,F6,135.92412,90.22084,0.66385
5,263,B11,T3,F6,131.47798,88.15528,0.67776
5,263,B12,T3,F6,90.43388,63.8091,0.70555
5,263,B13,T3,F6,145.59285,93.53829,0.64241
5,263,B14,T3,F6,119.49104,80.73238,0.6756
5,263,B15,T3,F6,117.96548,79.69707,0.67557
5,263,B16,T3,F6,129.88275,88.25404,0.67949
5,263,B17,T3,F6,116.33882,76.99438,0.66181
5,263,B18,T3,F6,128.5793,87.33964,0.67925
5,263,B19,T3,F6,114.73784,77.81342,0.67815
5,263,B20,T3,F6,134.09178,86.83559,0.64753
5,263,B21,T3,F6,134.22502,89.84615,0.66934
5,263,B22,T3,F6,121.20062,84.26833,0.69525
5,263,B23,T3,F6,124.26064,84.13093,0.67702
5,263,B24,T3,F6,131.33989,88.01797,0.67014
5,263,B25,T3,F6,121.63097,83.2748,0.68465
10,263,B1,T3,F7,171.02548,110.25663,0.64479
10,263,B2,T3,F7,163.18892,104.46999,0.65202
10,263,B3,T3,F7,203.50296,128.28696,0.64341
10,263,B4,T3,F7,213.34804,130.16245,0.61013
10,263,B5,T3,F7,158.73582,101.89096,0.64186
10,263,B6,T3,F7,175.16449,113.41386,0.64763
10,263,B7,T3,F7,181.57242,117.04382,0.65628
10,263,B8,T3,F7,159.27876,103.62318,0.6506
10,263,B9,T3,F7,143.73503,94.59829,0.65825
10,263,B10,T3,F7,177.87816,113.65737,0.63909
10,263,B11,T3,F7,171.6505,110.55034,0.64774
10,263,B12,T3,F7,118.90151,82.20496,0.69133
10,263,B13,T3,F7,188.8754,116.73438,0.61797
10,263,B14,T3,F7,156.5614,101.93849,0.65106
10,263,B15,T3,F7,154.89349,101.02965,0.65223
10,263,B16,T3,F7,170.94717,112.55715,0.65841
10,263,B17,T3,F7,151.73473,96.89441,0.63856
10,263,B18,T3,F7,168.61574,111.13132,0.65905
10,263,B19,T3,F7,150.35478,99.02203,0.65856
10,263,B20,T3,F7,173.24951,107.71765,0.62169
10,263,B21,T3,F7,175.00117,113.66591,0.64947
10,263,B22,T3,F7,159.28101,107.33379,0.67384
10,263,B23,T3,F7,163.04581,106.9329,0.65581
10,263,B24,T3,F7,172.51332,111.49394,0.64626
10,263,B25,T3,F7,159.05658,105.56776,0.66371
20,263,B1,T3,F8,222.90511,137.034,0.61487
20,263,B2,T3,F8,210.96579,130.32285,0.62653
20,263,B3,T3,F8,261.629,157.06039,0.60976
20,263,B4,T3,F8,274.44229,158.7281,0.5784
20,263,B5,T3,F8,205.90994,126.85087,0.61602
20,263,B6,T3,F8,228.58287,142.46303,0.62341
20,263,B7,T3,F8,235.4789,145.42935,0.62571
20,263,B8,T3,F8,207.5312,128.63005,0.61982
20,263,B9,T3,F8,189.09013,118.32069,0.62591
20,263,B10,T3,F8,230.89417,140.50494,0.60862
20,263,B11,T3,F8,221.26021,137.66568,0.62334
20,263,B12,T3,F8,156.53546,104.64017,0.66844
20,263,B13,T3,F8,242.93335,143.47411,0.59056
20,263,B14,T3,F8,203.39366,126.43906,0.6216
20,263,B15,T3,F8,201.79155,125.43367,0.62155
20,263,B16,T3,F8,224.35086,139.89639,0.62357
20,263,B17,T3,F8,196.94131,120.32883,0.61098
20,263,B18,T3,F8,220.51781,139.01218,0.63036
20,263,B19,T3,F8,196.03705,124.47408,0.6349
20,263,B20,T3,F8,221.82571,131.0556,0.59076
20,263,B21,T3,F8,226.90607,141.05586,0.62162
20,263,B22,T3,F8,208.43797,134.90746,0.64719
20,263,B23,T3,F8,211.96799,132.69809,0.62599
20,263,B24,T3,F8,225.01628,138.38976,0.615
20,263,B25,T3,F8,207.74562,132.11127,0.6359
50,263,B1,T3,F9,311.84366,177.76846,0.57018
50,263,B2,T3,F9,290.59357,165.79761,0.57547
50,263,B3,T3,F9,359.50729,199.92679,0.56194
50,263,B4,T3,F9,375.24915,198.39789,0.52873
50,263,B5,T3,F9,286.69724,162.77554,0.56783
50,263,B6,T3,F9,319.35312,184.13776,0.5767
50,263,B7,T3,F9,325.17001,186.24277,0.57743
50,263,B8,T3,F9,289.13998,166.46455,0.57573
50,263,B9,T3,F9,265.1922,155.61737,0.58686
50,263,B10,T3,F9,320.58829,179.83467,0.56107
50,263,B11,T3,F9,307.04849,175.98523,0.57129
50,263,B12,T3,F9,222.13446,140.37088,0.63191
50,263,B13,T3,F9,335.08865,181.81734,0.54254
50,263,B14,T3,F9,283.86563,163.77426,0.57689
50,263,B15,T3,F9,281.64786,162.54561,0.57708
50,263,B16,T3,F9,314.06906,182.23708,0.58023
50,263,B17,T3,F9,272.63083,153.94792,0.56468
50,263,B18,T3,F9,307.51257,180.66615,0.58746
50,263,B19,T3,F9,274.20859,163.70529,0.59696
50,263,B20,T3,F9,301.76917,164.27693,0.5444
50,263,B21,T3,F9,315.35196,182.62602,0.57909
50,263,B22,T3,F9,294.71613,175.84904,0.59665
50,263,B23,T3,F9,296.57904,174.33928,0.58778
50,263,B24,T3,F9,313.89026,178.76299,0.56949
50,263,B25,T3,F9,291.01834,172.62245,0.59315
100,263,B1,T3,F10,401.09949,221.90424,0.5531
100,263,B2,T3,F10,369.98242,191.31973,0.51874
100,263,B3,T3,F10,452.38071,224.96642,0.49846
100,263,B4,T3,F10,463.58917,233.67276,0.50408
100,263,B5,T3,F10,365.34186,201.64362,0.55195
100,263,B6,T3,F10,411.0112,227.54138,0.55369
100,263,B7,T3,F10,403.81635,222.61478,0.55211
100,263,B8,T3,F10,376.23224,196.41626,0.52207
100,263,B9,T3,F10,342.43466,194.10651,0.56685
100,263,B10,T3,F10,400.87039,221.61794,0.55295
100,263,B11,T3,F10,380.73813,201.93895,0.52528
100,263,B12,T3,F10,281.75018,176.38292,0.62606
100,263,B13,T3,F10,428.02945,213.57281,0.49885
100,263,B14,T3,F10,363.68488,194.99242,0.53615
100,263,B15,T3,F10,363.405,190.84106,0.52516
100,263,B16,T3,F10,390.32892,223.78909,0.5734
100,263,B17,T3,F10,343.92462,188.37846,0.54774
100,263,B18,T3,F10,395.32596,219.23668,0.55473
100,263,B19,T3,F10,349.27414,202.01831,0.57833
100,263,B20,T3,F10,370.66379,197.99597,0.53444
100,263,B21,T3,F10,404.50433,221.43903,0.54742
100,263,B22,T3,F10,375.06299,218.67188,0.58298
100,263,B23,T3,F10,376.15836,210.10356,0.55849
100,263,B24,T3,F10,394.2681,211.46411,0.5363
100,263,B25,T3,F10,363.05688,208.89444,0.57543
0.1,273,B1,T4,F1,11.45011,4.84485,0.42312
0.1,273,B2,T4,F1,11.51672,5.0756,0.44071
0.1,273,B3,T4,F1,11.69761,4.52231,0.3866
0.1,273,B4,T4,F1,12.24636,4.99475,0.40785
0.1,273,B5,T4,F1,11.58654,4.19002,0.36163
0.1,273,B6,T4,F1,10.86864,3.90254,0.35907
0.1,273,B7,T4,F1,10.79875,4.03999,0.37412
0.1,273,B8,T4,F1,9.61601,3.76439,0.39147
0.1,273,B9,T4,F1,9.85321,3.77805,0.38343
0.1,273,B10,T4,F1,10.72408,4.25294,0.39657
0.1,273,B11,T4,F1,11.61174,3.93938,0.33925
0.1,273,B12,T4,F1,9.41411,3.23622,0.34375
0.1,273,B13,T4,F1,12.94315,5.24521,0.40525
0.1,273,B14,T4,F1,11.03439,3.9247,0.35567
0.1,273,B15,T4,F1,11.09288,4.118,0.37123
0.1,273,B16,T4,F1,11.42831,4.41962,0.38672
0.1,273,B17,T4,F1,10.44077,3.76859,0.36095
0.1,273,B18,T4,F1,11.63852,4.32883,0.37194
0.1,273,B19,T4,F1,10.21613,3.7511,0.36717
0.1,273,B20,T4,F1,10.7946,3.94377,0.36534
0.1,273,B21,T4,F1,12.21062,4.34587,0.35591
0.1,273,B22,T4,F1,11.10973,4.13097,0.37183
0.1,273,B23,T4,F1,11.01626,4.18156,0.37958
0.1,273,B24,T4,F1,11.25729,4.29782,0.38178
0.1,273,B25,T4,F1,10.23448,3.87116,0.37825
0.2,273,B1,T4,F2,13.17374,6.23195,0.47318
0.2,273,B2,T4,F2,13.80128,6.9246,0.50139
0.2,273,B3,T4,F2,13.77519,6.26604,0.45513
0.2,273,B4,T4,F2,14.50099,6.88423,0.47449
0.2,273,B5,T4,F2,13.34497,5.62987,0.4217
0.2,273,B6,T4,F2,12.69577,5.40965,0.42597
0.2,273,B7,T4,F2,12.69891,5.60496,0.44128
0.2,273,B8,T4,F2,11.324,5.16103,0.45567
0.2,273,B9,T4,F2,11.22572,4.88774,0.43551
0.2,273,B10,T4,F2,12.6841,5.86625,0.46241
0.2,273,B11,T4,F2,13.42929,5.44699,0.40562
0.2,273,B12,T4,F2,10.94033,4.4601,0.40755
0.2,273,B13,T4,F2,15.49007,7.34084,0.4738
0.2,273,B14,T4,F2,12.90782,5.47943,0.42443
0.2,273,B15,T4,F2,13.06799,5.716,0.43716
0.2,273,B16,T4,F2,13.43588,6.05024,0.45001
0.2,273,B17,T4,F2,12.11222,5.13122,0.42354
0.2,273,B18,T4,F2,13.3499,5.76282,0.43165
0.2,273,B19,T4,F2,11.85799,5.09819,0.42995
0.2,273,B20,T4,F2,12.48684,5.34623,0.42806
0.2,273,B21,T4,F2,14.27968,6.09297,0.42655
0.2,273,B22,T4,F2,12.95974,5.61444,0.43315
0.2,273,B23,T4,F2,12.77492,5.59919,0.43824
0.2,273,B24,T4,F2,13.2695,5.92844,0.4467
0.2,273,B25,T4,F2,12.24565,5.50701,0.4496
0.5,273,B1,T4,F3,16.79322,9.3824,0.55887
0.5,273,B2,T4,F3,17.61311,10.2392,0.58102
0.5,273,B3,T4,F3,17.34725,9.46297,0.5451
0.5,273,B4,T4,F3,18.3832,10.36374,0.56339
0.5,273,B5,T4,F3,16.29662,8.27508,0.50774
0.5,273,B6,T4,F3,15.97723,8.38503,0.52458
0.5,273,B7,T4,F3,15.89878,8.48125,0.53322
0.5,273,B8,T4,F3,14.11718,7.70436,0.54561
0.5,273,B9,T4,F3,14.0241,7.39425,0.52736
0.5,273,B10,T4,F3,15.98797,8.86304,0.55432
0.5,273,B11,T4,F3,16.48802,8.25484,0.50073
0.5,273,B12,T4,F3,13.35976,6.67607,0.49951
0.5,273,B13,T4,F3,19.57125,10.96178,0.55985
0.5,273,B14,T4,F3,15.94393,8.25194,0.51739
0.5,273,B15,T4,F3,16.23159,8.53948,0.52574
0.5,273,B16,T4,F3,16.73314,9.04502,0.54022
0.5,273,B17,T4,F3,15.07974,7.78245,0.51591
0.5,273,B18,T4,F3,16.76052,8.8642,0.52881
0.5,273,B19,T4,F3,14.59572,7.55497,0.5177
0.5,273,B20,T4,F3,15.67816,8.21927,0.52414
0.5,273,B21,T4,F3,17.62897,9.17134,0.51994
0.5,273,B22,T4,F3,15.93732,8.34726,0.5237
0.5,273,B23,T4,F3,16.02308,8.53424,0.53254
0.5,273,B24,T4,F3,16.64433,8.96029,0.53816
0.5,273,B25,T4,F3,15.32918,8.31352,0.54211
1,273,B1,T4,F4,20.83236,12.91814,0.62019
1,273,B2,T4,F4,21.74761,13.82628,0.63557
1,273,B3,T4,F4,21.2648,12.99858,0.61066
1,273,B4,T4,F4,22.6086,14.13109,0.62474
1,273,B5,T4,F4,19.66852,11.28687,0.57384
1,273,B6,T4,F4,19.42719,11.53223,0.59336
1,273,B7,T4,F4,19.3315,11.60111,0.59986
1,273,B8,T4,F4,17.17952,10.48786,0.61041
1,273,B9,T4,F4,17.18727,10.22666,0.59507
1,273,B10,T4,F4,19.50905,12.05591,0.61797
1,273,B11,T4,F4,19.79683,11.3171,0.57176
1,273,B12,T4,F4,15.95914,9.10215,0.57015
1,273,B13,T4,F4,23.96708,14.82753,0.61846
1,273,B14,T4,F4,19.18366,11.22831,0.58513
1,273,B15,T4,F4,19.54794,11.57753,0.59203
1,273,B16,T4,F4,20.27215,12.28378,0.60575
1,273,B17,T4,F4,18.22442,10.63473,0.58336
1,273,B18,T4,F4,20.43618,12.22501,0.59813
1,273,B19,T4,F4,17.69257,10.34451,0.58476
1,273,B20,T4,F4,19.11021,11.34168,0.59338
1,273,B21,T4,F4,21.26663,12.49008,0.58696
1,273,B22,T4,F4,19.25488,11.38611,0.59132
1,273,B23,T4,F4,19.60407,11.7668,0.60013
1,273,B24,T4,F4,20.25627,12.22243,0.60322
1,273,B25,T4,F4,18.5993,11.28735,0.60657
2,273,B1,T4,F5,26.37869,17.75554,0.67315
2,273,B2,T4,F5,27.4733,18.76646,0.68299
2,273,B3,T4,F5,26.68179,17.84409,0.66821
2,273,B4,T4,F5,28.46035,19.31669,0.67855
2,273,B5,T4,F5,24.40312,15.5339,0.63653
2,273,B6,T4,F5,24.1924,15.8584,0.6553
2,273,B7,T4,F5,24.10861,15.9156,0.65996
2,273,B8,T4,F5,21.46318,14.39762,0.67076
2,273,B9,T4,F5,21.53226,14.13882,0.65665
2,273,B10,T4,F5,24.44979,16.52024,0.6757
2,273,B11,T4,F5,24.472,15.63814,0.6391
2,273,B12,T4,F5,19.60464,12.51273,0.63812
2,273,B13,T4,F5,30.09193,20.12888,0.6688
2,273,B14,T4,F5,23.71338,15.39272,0.64898
2,273,B15,T4,F5,24.20326,15.83627,0.65419
2,273,B16,T4,F5,25.23981,16.81866,0.66627
2,273,B17,T4,F5,22.57666,14.56971,0.64521
2,273,B18,T4,F5,25.56288,16.90042,0.66107
2,273,B19,T4,F5,21.95863,14.23858,0.64847
2,273,B20,T4,F5,23.84671,15.62422,0.65511
2,273,B21,T4,F5,26.3791,17.12802,0.64905
2,273,B22,T4,F5,23.9031,15.67388,0.65572
2,273,B23,T4,F5,24.52112,16.21173,0.66106
2,273,B24,T4,F5,25.22915,16.71466,0.6624
2,273,B25,T4,F5,23.13884,15.4427,0.66714
5,273,B1,T4,F6,37.00441,26.82037,0.72479
5,273,B2,T4,F6,38.43649,27.944,0.72701
5,273,B3,T4,F6,37.17703,27.01181,0.72632
5,273,B4,T4,F6,39.78669,29.02286,0.72942
5,273,B5,T4,F6,33.59303,23.57639,0.70181
5,273,B6,T4,F6,33.34186,24.00881,0.71997
5,273,B7,T4,F6,33.28929,24.06439,0.72277
5,273,B8,T4,F6,29.82821,21.85085,0.73254
5,273,B9,T4,F6,29.94319,21.55984,0.72003
5,273,B10,T4,F6,33.93922,24.88687,0.7333
5,273,B11,T4,F6,33.52464,23.79027,0.70968
5,273,B12,T4,F6,26.75058,19.08183,0.71326
5,273,B13,T4,F6,41.8317,29.96048,0.71619
5,273,B14,T4,F6,32.60532,23.34818,0.71602
5,273,B15,T4,F6,33.29009,23.95242,0.71946
5,273,B16,T4,F6,34.95437,25.45288,0.72817
5,273,B17,T4,F6,30.9439,21.98611,0.71044
5,273,B18,T4,F6,35.46072,25.70375,0.72484
5,273,B19,T4,F6,30.28539,21.66099,0.71524
5,273,B20,T4,F6,32.96143,23.65531,0.71764
5,273,B21,T4,F6,36.31998,25.9201,0.71355
5,273,B22,T4,F6,33.02636,23.93196,0.72463
5,273,B23,T4,F6,33.98187,24.57306,0.72309
5,273,B24,T4,F6,34.82787,25.21204,0.72386
5,273,B25,T4,F6,31.99417,23.37256,0.73039
10,273,B1,T4,F7,48.70757,36.27236,0.7447
10,273,B2,T4,F7,50.48725,37.48195,0.74244
10,273,B3,T4,F7,48.76578,36.59805,0.75052
10,273,B4,T4,F7,52.25529,39.12418,0.74874
10,273,B5,T4,F7,43.71956,32.02117,0.73242
10,273,B6,T4,F7,43.42539,32.61138,0.75096
10,273,B7,T4,F7,43.4598,32.67003,0.75173
10,273,B8,T4,F7,39.12473,29.73256,0.75995
10,273,B9,T4,F7,39.18003,29.34002,0.74886
10,273,B10,T4,F7,44.44458,33.70095,0.75829
10,273,B11,T4,F7,43.64843,32.45826,0.74364
10,273,B12,T4,F7,34.62958,26.06391,0.75263
10,273,B13,T4,F7,54.72029,40.08279,0.73249
10,273,B14,T4,F7,42.33376,31.67785,0.74828
10,273,B15,T4,F7,43.32333,32.44732,0.74895
10,273,B16,T4,F7,45.78617,34.61607,0.75605
10,273,B17,T4,F7,40.23842,29.79375,0.74044
10,273,B18,T4,F7,46.39527,34.94845,0.75329
10,273,B19,T4,F7,39.38718,29.49397,0.74881
10,273,B20,T4,F7,43.00369,32.04498,0.74519
10,273,B21,T4,F7,47.30283,35.15877,0.74328
10,273,B22,T4,F7,43.06358,32.64423,0.75805
10,273,B23,T4,F7,44.43387,33.39053,0.75148
10,273,B24,T4,F7,45.46965,34.20596,0.75229
10,273,B25,T4,F7,41.58563,31.58756,0.75953
20,273,B1,T4,F8,64.55189,48.7653,0.75544
20,273,B2,T4,F8,66.87508,49.86303,0.74567
20,273,B3,T4,F8,64.53178,49.19927,0.76271
20,273,B4,T4,F8,69.14336,52.28374,0.75624
20,273,B5,T4,F8,57.55881,43.28228,0.75197
20,273,B6,T4,F8,57.25217,44.05818,0.76963
20,273,B7,T4,F8,57.28632,43.98878,0.76795
20,273,B8,T4,F8,51.80536,40.19846,0.77597
20,273,B9,T4,F8,51.90219,39.76302,0.76615
20,273,B10,T4,F8,58.82194,45.38514,0.77156
20,273,B11,T4,F8,57.46194,43.95704,0.76495
20,273,B12,T4,F8,45.41951,35.44497,0.7804
20,273,B13,T4,F8,71.98882,53.20968,0.73917
20,273,B14,T4,F8,55.77311,42.75517,0.76662
20,273,B15,T4,F8,57.14198,43.74317,0.76554
20,273,B16,T4,F8,60.67282,46.80354,0.77141
20,273,B17,T4,F8,52.8752,40.14254,0.75924
20,273,B18,T4,F8,61.37777,47.28115,0.77037
20,273,B19,T4,F8,51.93769,39.9218,0.76865
20,273,B20,T4,F8,56.79194,43.11311,0.7592
20,273,B21,T4,F8,62.3119,47.42389,0.76114
20,273,B22,T4,F8,57.0238,44.3261,0.77734
20,273,B23,T4,F8,58.71452,45.03734,0.7671
20,273,B24,T4,F8,59.99654,45.91608,0.76534
20,273,B25,T4,F8,54.77698,42.61399,0.77805
50,273,B1,T4,F9,94.44458,70.57906,0.74734
50,273,B2,T4,F9,97.61508,71.49943,0.73254
50,273,B3,T4,F9,94.3689,71.3026,0.75613
50,273,B4,T4,F9,100.93301,75.12177,0.74436
50,273,B5,T4,F9,83.41081,63.13002,0.75687
50,273,B6,T4,F9,83.0133,64.22009,0.77378
50,273,B7,T4,F9,83.6277,64.23068,0.76818
50,273,B8,T4,F9,76.08938,58.76268,0.77234
50,273,B9,T4,F9,76.13002,58.13468,0.76367
50,273,B10,T4,F9,86.23146,66.04288,0.76586
50,273,B11,T4,F9,82.95995,64.10071,0.77264
50,273,B12,T4,F9,66.27419,52.44155,0.79131
50,273,B13,T4,F9,104.13608,75.91099,0.72894
50,273,B14,T4,F9,81.05177,62.5604,0.7719
50,273,B15,T4,F9,83.34879,63.79719,0.76545
50,273,B16,T4,F9,88.77576,68.34009,0.76981
50,273,B17,T4,F9,76.90125,58.40672,0.7596
50,273,B18,T4,F9,89.34387,68.96097,0.77192
50,273,B19,T4,F9,75.67838,58.64695,0.77497
50,273,B20,T4,F9,82.71334,62.45368,0.75515
50,273,B21,T4,F9,90.35454,69.03394,0.76416
50,273,B22,T4,F9,83.59283,65.43633,0.78283
50,273,B23,T4,F9,85.5706,65.56472,0.76628
50,273,B24,T4,F9,87.43423,66.81947,0.76426
50,273,B25,T4,F9,79.95351,62.23904,0.77859
100,273,B1,T4,F10,125.93501,92.29681,0.73295
100,273,B2,T4,F10,130.1604,92.34232,0.70956
100,273,B3,T4,F10,125.28879,92.64334,0.74036
100,273,B4,T4,F10,132.82683,97.37599,0.73311
100,273,B5,T4,F10,110.63538,83.53008,0.75506
100,273,B6,T4,F10,109.08492,83.81742,0.76858
100,273,B7,T4,F10,111.14841,84.79249,0.76313
100,273,B8,T4,F10,103.39565,77.33855,0.74814
100,273,B9,T4,F10,101.80677,76.47008,0.75119
100,273,B10,T4,F10,115.64386,86.8662,0.75106
100,273,B11,T4,F10,108.40376,83.86138,0.7736
100,273,B12,T4,F10,88.68919,69.98484,0.78912
100,273,B13,T4,F10,137.32787,98.3469,0.71607
100,273,B14,T4,F10,107.00219,82.60934,0.77201
100,273,B15,T4,F10,111.4557,85.15611,0.76409
100,273,B16,T4,F10,118.53431,89.65589,0.75641
100,273,B17,T4,F10,102.48993,77.00951,0.75155
100,273,B18,T4,F10,118.134,89.96821,0.76169
100,273,B19,T4,F10,101.18139,78.27919,0.77363
100,273,B20,T4,F10,110.38679,80.99779,0.73386
100,273,B21,T4,F10,119.3244,90.65151,0.75985
100,273,B22,T4,F10,112.73759,87.53147,0.77643
100,273,B23,T4,F10,112.91904,85.96771,0.76139
100,273,B24,T4,F10,117.20163,88.08931,0.75164
100,273,B25,T4,F10,106.23736,81.30366,0.76531
0.1,283,B1,T5,F1,6.97578,1.39815,0.20043
0.1,283,B2,T5,F1,6.64048,1.25953,0.18967
0.1,283,B3,T5,F1,7.67698,1.39588,0.18182
0.1,283,B4,T5,F1,7.7299,1.41212,0.18269
0.1,283,B5,T5,F1,8.04977,1.3137,0.1632
0.1,283,B6,T5,F1,7.19447,1.30406,0.18127
0.1,283,B7,T5,F1,7.30753,1.38033,0.18889
0.1,283,B8,T5,F1,6.42882,1.22011,0.18979
0.1,283,B9,T5,F1,6.5217,1.20902,0.18538
0.1,283,B10,T5,F1,6.91441,1.3375,0.19344
0.1,283,B11,T5,F1,8.21362,1.2735,0.15505
0.1,283,B12,T5,F1,6.52165,1.06831,0.16381
0.1,283,B13,T5,F1,8.39903,1.61461,0.19224
0.1,283,B14,T5,F1,7.65591,1.23998,0.16196
0.1,283,B15,T5,F1,7.71643,1.29964,0.16842
0.1,283,B16,T5,F1,7.79439,1.37303,0.17615
0.1,283,B17,T5,F1,6.9749,1.23735,0.1774
0.1,283,B18,T5,F1,7.86138,1.3458,0.17119
0.1,283,B19,T5,F1,6.9889,1.25845,0.18006
0.1,283,B20,T5,F1,7.27043,1.30986,0.18016
0.1,283,B21,T5,F1,8.46557,1.34941,0.1594
0.1,283,B22,T5,F1,7.24061,1.27873,0.17661
0.1,283,B23,T5,F1,7.27771,1.32867,0.18257
0.1,283,B24,T5,F1,6.95227,1.32685,0.19085
0.1,283,B25,T5,F1,6.76273,1.26528,0.1871
0.2,283,B1,T5,F2,7.52871,1.73867,0.2309
0.2,283,B2,T5,F2,7.23852,1.62521,0.22448
0.2,283,B3,T5,F2,8.316,1.80655,0.21725
0.2,283,B4,T5,F2,8.41519,1.86614,0.22172
0.2,283,B5,T5,F2,8.66108,1.70831,0.19723
0.2,283,B6,T5,F2,7.82517,1.69302,0.21635
0.2,283,B7,T5,F2,7.86668,1.7066,0.21693
0.2,283,B8,T5,F2,6.94982,1.55589,0.22387
0.2,283,B9,T5,F2,7.0645,1.55938,0.22072
0.2,283,B10,T5,F2,7.50059,1.67219,0.22294
0.2,283,B11,T5,F2,8.79927,1.63951,0.18631
0.2,283,B12,T5,F2,6.80244,1.38271,0.20322
0.2,283,B13,T5,F2,9.17526,2.1534,0.23467
0.2,283,B14,T5,F2,8.21339,1.57117,0.19129
0.2,283,B15,T5,F2,8.31543,1.69465,0.20379
0.2,283,B16,T5,F2,8.37096,1.7205,0.20555
0.2,283,B17,T5,F2,7.59963,1.60377,0.21103
0.2,283,B18,T5,F2,8.48403,1.74563,0.20574
0.2,283,B19,T5,F2,7.60706,1.64049,0.21562
0.2,283,B20,T5,F2,7.82831,1.71313,0.21883
0.2,283,B21,T5,F2,9.07698,1.76233,0.19414
0.2,283,B22,T5,F2,7.84078,1.64891,0.21031
0.2,283,B23,T5,F2,7.95343,1.73696,0.21839
0.2,283,B24,T5,F2,7.64842,1.727,0.22581
0.2,283,B25,T5,F2,7.44967,1.70646,0.22911
0.5,283,B1,T5,F3,8.52674,2.54685,0.29859
0.5,283,B2,T5,F3,8.12411,2.33974,0.28789
0.5,283,B3,T5,F3,9.34268,2.63505,0.28193
0.5,283,B4,T5,F3,9.47118,2.72043,0.28712
0.5,283,B5,T5,F3,9.58765,2.46029,0.2566
0.5,283,B6,T5,F3,8.78395,2.50656,0.28515
0.5,283,B7,T5,F3,8.86383,2.52075,0.28436
0.5,283,B8,T5,F3,7.76589,2.21852,0.28567
0.5,283,B9,T5,F3,7.90323,2.22773,0.28189
0.5,283,B10,T5,F3,8.41356,2.4499,0.29118
0.5,283,B11,T5,F3,9.72208,2.40093,0.24696
0.5,283,B12,T5,F3,7.58814,1.96987,0.25953
0.5,283,B13,T5,F3,10.34478,3.10786,0.30039
0.5,283,B14,T5,F3,9.08114,2.28184,0.25126
0.5,283,B15,T5,F3,9.25153,2.47378,0.26737
0.5,283,B16,T5,F3,9.33857,2.50509,0.26827
0.5,283,B17,T5,F3,8.52305,2.33988,0.27451
0.5,283,B18,T5,F3,9.41352,2.52146,0.26781
0.5,283,B19,T5,F3,8.46333,2.34011,0.27647
0.5,283,B20,T5,F3,8.80244,2.48673,0.2825
0.5,283,B21,T5,F3,10.01525,2.55235,0.25481
0.5,283,B22,T5,F3,8.72756,2.37667,0.27234
0.5,283,B23,T5,F3,8.86314,2.52296,0.28465
0.5,283,B24,T5,F3,8.54707,2.47943,0.29008
0.5,283,B25,T5,F3,8.44452,2.53521,0.30026
1,283,B1,T5,F4,9.57486,3.44064,0.35924
1,283,B2,T5,F4,9.02375,3.10422,0.34386
1,283,B3,T5,F4,10.38509,3.53566,0.34024
1,283,B4,T5,F4,10.51317,3.63599,0.3457
1,283,B5,T5,F4,10.5268,3.26791,0.31043
1,283,B6,T5,F4,9.77588,3.36747,0.34418
1,283,B7,T5,F4,9.87104,3.40185,0.34458
1,283,B8,T5,F4,8.63979,2.97017,0.34377
1,283,B9,T5,F4,8.76951,2.96429,0.33804
1,283,B10,T5,F4,9.38842,3.29143,0.35057
1,283,B11,T5,F4,10.66264,3.22544,0.30252
1,283,B12,T5,F4,8.40591,2.62398,0.31208
1,283,B13,T5,F4,11.56388,4.19102,0.36238
1,283,B14,T5,F4,9.9835,3.06073,0.30657
1,283,B15,T5,F4,10.219,3.3085,0.32373
1,283,B16,T5,F4,10.34317,3.37307,0.32613
1,283,B17,T5,F4,9.43892,3.11942,0.33043
1,283,B18,T5,F4,10.37776,3.36678,0.32437
1,283,B19,T5,F4,9.35431,3.0995,0.33132
1,283,B20,T5,F4,9.75963,3.31649,0.33981
1,283,B21,T5,F4,11.00052,3.40128,0.30916
1,283,B22,T5,F4,9.65063,3.17906,0.32943
1,283,B23,T5,F4,9.82301,3.36037,0.34208
1,283,B24,T5,F4,9.46655,3.29997,0.34857
1,283,B25,T5,F4,9.4563,3.41877,0.36157
2,283,B1,T5,F5,10.92846,4.70153,0.43011
2,283,B2,T5,F5,10.20311,4.20092,0.41155
2,283,B3,T5,F5,11.74484,4.8172,0.40985
2,283,B4,T5,F5,11.89156,4.9436,0.41554
2,283,B5,T5,F5,11.76743,4.42667,0.37618
2,283,B6,T5,F5,11.04899,4.57843,0.41402
2,283,B7,T5,F5,11.19182,4.65066,0.41547
2,283,B8,T5,F5,9.78145,4.04564,0.41359
2,283,B9,T5,F5,9.90415,4.02585,0.4065
2,283,B10,T5,F5,10.66075,4.50254,0.42233
2,283,B11,T5,F5,11.90015,4.41171,0.37076
2,283,B12,T5,F5,9.42966,3.56918,0.37841
2,283,B13,T5,F5,13.15784,5.71298,0.43414
2,283,B14,T5,F5,11.16286,4.18383,0.37478
2,283,B15,T5,F5,11.47407,4.51428,0.39338
2,283,B16,T5,F5,11.65595,4.61486,0.39593
2,283,B17,T5,F5,10.59723,4.22624,0.39872
2,283,B18,T5,F5,11.65276,4.59141,0.39395
2,283,B19,T5,F5,10.5364,4.20655,0.39922
2,283,B20,T5,F5,11.00541,4.50162,0.40903
2,283,B21,T5,F5,12.30148,4.61752,0.37532
2,283,B22,T5,F5,10.87747,4.33523,0.39855
2,283,B23,T5,F5,11.0903,4.56328,0.41145
2,283,B24,T5,F5,10.72301,4.49496,0.41915
2,283,B25,T5,F5,10.76329,4.65833,0.43283
5,283,B1,T5,F6,13.46845,7.16892,0.53218
5,283,B2,T5,F6,12.43026,6.36683,0.512
5,283,B3,T5,F6,14.31258,7.35686,0.51361
5,283,B4,T5,F6,14.53765,7.55095,0.5192
5,283,B5,T5,F6,14.10466,6.73464,0.47748
5,283,B6,T5,F6,13.48471,6.99858,0.51859
5,283,B7,T5,F6,13.68899,7.11149,0.5194
5,283,B8,T5,F6,11.95337,6.18987,0.51781
5,283,B9,T5,F6,12.06617,6.13618,0.50857
5,283,B10,T5,F6,13.07607,6.90251,0.52784
5,283,B11,T5,F6,14.24425,6.77226,0.47548
5,283,B12,T5,F6,11.33986,5.45981,0.48135
5,283,B13,T5,F6,16.22558,8.71684,0.53717
5,283,B14,T5,F6,13.39454,6.40884,0.47843
5,283,B15,T5,F6,13.89134,6.91831,0.49797
5,283,B16,T5,F6,14.15258,7.08313,0.50049
5,283,B17,T5,F6,12.83162,6.42735,0.50078
5,283,B18,T5,F6,14.07739,7.03176,0.49944
5,283,B19,T5,F6,12.76254,6.39506,0.50107
5,283,B20,T5,F6,13.36873,6.85993,0.51312
5,283,B21,T5,F6,14.75197,7.05287,0.47805
5,283,B22,T5,F6,13.19743,6.62989,0.50235
5,283,B23,T5,F6,13.50377,6.95405,0.51496
5,283,B24,T5,F6,13.13291,6.88487,0.52419
5,283,B25,T5,F6,13.25099,7.10897,0.5365
10,283,B1,T5,F7,16.2004,9.92567,0.6126
10,283,B2,T5,F7,14.80932,8.77634,0.59242
10,283,B3,T5,F7,17.07067,10.1802,0.59593
10,283,B4,T5,F7,17.35967,10.44627,0.60155
10,283,B5,T5,F7,16.62248,9.31348,0.5603
10,283,B6,T5,F7,16.09534,9.68529,0.60132
10,283,B7,T5,F7,16.39174,9.87917,0.60259
10,283,B8,T5,F7,14.28334,8.58911,0.60131
10,283,B9,T5,F7,14.38342,8.50438,0.59128
10,283,B10,T5,F7,15.66486,9.59013,0.61217
10,283,B11,T5,F7,16.74999,9.41018,0.56186
10,283,B12,T5,F7,13.39083,7.60819,0.56805
10,283,B13,T5,F7,19.54421,12.02552,0.61524
10,283,B14,T5,F7,15.78712,8.92397,0.56523
10,283,B15,T5,F7,16.46712,9.59019,0.58232
10,283,B16,T5,F7,16.83272,9.86598,0.58611
10,283,B17,T5,F7,15.23402,8.90002,0.5841
10,283,B18,T5,F7,16.70221,9.77638,0.58527
10,283,B19,T5,F7,15.15652,8.85848,0.58445
10,283,B20,T5,F7,15.90846,9.4904,0.59655
10,283,B21,T5,F7,17.38517,9.78516,0.5628
10,283,B22,T5,F7,15.70382,9.22961,0.58771
10,283,B23,T5,F7,16.08654,9.61541,0.59773
10,283,B24,T5,F7,15.72051,9.54916,0.60736
10,283,B25,T5,F7,15.87868,9.82036,0.61845
20,283,B1,T5,F8,19.91667,13.63044,0.68432
20,283,B2,T5,F8,18.04222,12.04953,0.66769
20,283,B3,T5,F8,20.80092,14.01229,0.67327
20,283,B4,T5,F8,21.20549,14.37873,0.67788
20,283,B5,T5,F8,19.97998,12.82368,0.64184
20,283,B6,T5,F8,19.65472,13.3933,0.68108
20,283,B7,T5,F8,20.067,13.64839,0.68004
20,283,B8,T5,F8,17.46235,11.86442,0.6794
20,283,B9,T5,F8,17.55068,11.73278,0.66852
20,283,B10,T5,F8,19.2206,13.23603,0.6886
20,283,B11,T5,F8,20.13978,13.04643,0.64785
20,283,B12,T5,F8,16.23293,10.56819,0.65094
20,283,B13,T5,F8,24.02781,16.54091,0.68837
20,283,B14,T5,F8,19.01628,12.33461,0.6486
20,283,B15,T5,F8,19.96455,13.26713,0.66447
20,283,B16,T5,F8,20.46803,13.65065,0.66691
20,283,B17,T5,F8,18.51484,12.24519,0.66127
20,283,B18,T5,F8,20.26089,13.52489,0.66749
20,283,B19,T5,F8,18.39718,12.20288,0.66329
20,283,B20,T5,F8,19.38922,13.05733,0.67342
20,283,B21,T5,F8,20.94526,13.55962,0.64734
20,283,B22,T5,F8,19.12801,12.78366,0.6683
20,283,B23,T5,F8,19.58591,13.23542,0.67577
20,283,B24,T5,F8,19.2489,13.18998,0.68516
20,283,B25,T5,F8,19.43719,13.48183,0.69358
50,283,B1,T5,F9,27.11035,20.84311,0.7688
50,283,B2,T5,F9,24.36778,18.44157,0.75671
50,283,B3,T5,F9,28.00416,21.50277,0.76757
50,283,B4,T5,F9,28.57889,22.08897,0.77281
50,283,B5,T5,F9,26.14857,19.74309,0.75504
50,283,B6,T5,F9,26.40162,20.59783,0.77996
50,283,B7,T5,F9,27.18863,21.01292,0.77279
50,283,B8,T5,F9,23.68977,18.30842,0.77282
50,283,B9,T5,F9,23.7719,18.06317,0.75986
50,283,B10,T5,F9,26.17389,20.3999,0.77938
50,283,B11,T5,F9,26.20442,20.22736,0.77194
50,283,B12,T5,F9,21.83308,16.50214,0.75577
50,283,B13,T5,F9,32.40865,25.16883,0.7766
50,283,B14,T5,F9,24.98534,19.14879,0.76637
50,283,B15,T5,F9,26.54052,20.48464,0.77178
50,283,B16,T5,F9,27.36022,21.13667,0.77253
50,283,B17,T5,F9,24.87457,18.85313,0.75786
50,283,B18,T5,F9,26.90895,20.9211,0.77746
50,283,B19,T5,F9,24.74213,18.82316,0.76077
50,283,B20,T5,F9,26.22161,20.123,0.76741
50,283,B21,T5,F9,27.53754,20.97411,0.76163
50,283,B22,T5,F9,25.68194,19.80027,0.77097
50,283,B23,T5,F9,26.32704,20.35388,0.77312
50,283,B24,T5,F9,26.18137,20.32294,0.77618
50,283,B25,T5,F9,26.28097,20.57465,0.78283
100,283,B1,T5,F10,35.83556,29.43941,0.82151
100,283,B2,T5,F10,32.43401,26.16921,0.80682
100,283,B3,T5,F10,36.73221,30.51077,0.83054
100,283,B4,T5,F10,37.38683,31.50644,0.84269
100,283,B5,T5,F10,32.59394,28.27023,0.86735
100,283,B6,T5,F10,34.1021,29.22355,0.85686
100,283,B7,T5,F10,35.65343,29.87761,0.83798
100,283,B8,T5,F10,31.64392,26.22458,0.82874
100,283,B9,T5,F10,31.62166,25.87515,0.81826
100,283,B10,T5,F10,34.89399,29.11824,0.83447
100,283,B11,T5,F10,31.93316,28.8862,0.90457
100,283,B12,T5,F10,28.79509,23.64578,0.82115
100,283,B13,T5,F10,41.39108,35.50791,0.85787
100,283,B14,T5,F10,31.49233,27.46408,0.8721
100,283,B15,T5,F10,33.8012,29.16169,0.86272
100,283,B16,T5,F10,35.31349,30.15308,0.85387
100,283,B17,T5,F10,32.74966,26.81962,0.81889
100,283,B18,T5,F10,34.2351,29.88126,0.87283
100,283,B19,T5,F10,32.34537,26.87662,0.83094
100,283,B20,T5,F10,34.91826,28.81316,0.82516
100,283,B21,T5,F10,34.67818,30.02807,0.8659
100,283,B22,T5,F10,33.29116,28.44672,0.85448
100,283,B23,T5,F10,34.27683,28.98529,0.84562
100,283,B24,T5,F10,35.00168,29.07614,0.83068
100,283,B25,T5,F10,34.25341,28.84608,0.84215
0.1,293,B1,T6,F1,5.74947,0.62424,0.10857
0.1,293,B2,T6,F1,5.48269,0.56137,0.10239
0.1,293,B3,T6,F1,6.37337,0.62964,0.09879
0.1,293,B4,T6,F1,6.24611,0.70299,0.11255
0.1,293,B5,T6,F1,6.8299,0.60893,0.08916
0.1,293,B6,T6,F1,6.23039,0.59601,0.09566
0.1,293,B7,T6,F1,5.99924,0.58335,0.09724
0.1,293,B8,T6,F1,5.37689,0.57414,0.10678
0.1,293,B9,T6,F1,5.46863,0.61629,0.1127
0.1,293,B10,T6,F1,5.67979,0.5957,0.10488
0.1,293,B11,T6,F1,7.07387,0.59508,0.08412
0.1,293,B12,T6,F1,5.8326,0.53929,0.09246
0.1,293,B13,T6,F1,6.85752,0.69997,0.10207
0.1,293,B14,T6,F1,6.32389,0.56975,0.09009
0.1,293,B15,T6,F1,6.23639,0.59682,0.0957
0.1,293,B16,T6,F1,6.59309,0.63547,0.09638
0.1,293,B17,T6,F1,5.98343,0.59113,0.09879
0.1,293,B18,T6,F1,6.69203,0.61778,0.09232
0.1,293,B19,T6,F1,5.83177,0.60425,0.10361
0.1,293,B20,T6,F1,6.38162,0.65105,0.10202
0.1,293,B21,T6,F1,7.06366,0.65145,0.09223
0.1,293,B22,T6,F1,5.92249,0.59622,0.10067
0.1,293,B23,T6,F1,6.26939,0.61159,0.09755
0.1,293,B24,T6,F1,5.98641,0.61658,0.103
0.1,293,B25,T6,F1,5.52593,0.60136,0.10882
0.2,293,B1,T6,F2,6.05408,0.76012,0.12555
0.2,293,B2,T6,F2,5.76821,0.68622,0.11897
0.2,293,B3,T6,F2,6.69733,0.76182,0.11375
0.2,293,B4,T6,F2,6.61545,0.84275,0.12739
0.2,293,B5,T6,F2,7.13471,0.70942,0.09943
0.2,293,B6,T6,F2,6.49394,0.70839,0.10909
0.2,293,B7,T6,F2,6.27803,0.70563,0.1124
0.2,293,B8,T6,F2,5.66267,0.69282,0.12235
0.2,293,B9,T6,F2,5.76759,0.72152,0.1251
0.2,293,B10,T6,F2,5.99288,0.71241,0.11888
0.2,293,B11,T6,F2,7.37443,0.70342,0.09539
0.2,293,B12,T6,F2,6.15039,0.63218,0.10278
0.2,293,B13,T6,F2,7.2271,0.84343,0.1167
0.2,293,B14,T6,F2,6.65319,0.69863,0.105
0.2,293,B15,T6,F2,6.62059,0.7144,0.10791
0.2,293,B16,T6,F2,6.92533,0.76753,0.11083
0.2,293,B17,T6,F2,6.32715,0.71046,0.11227
0.2,293,B18,T6,F2,7.01405,0.75626,0.10782
0.2,293,B19,T6,F2,6.16274,0.72358,0.11741
0.2,293,B20,T6,F2,6.73122,0.7951,0.11812
0.2,293,B21,T6,F2,7.44051,0.77296,0.10388
0.2,293,B22,T6,F2,6.23333,0.7038,0.11292
0.2,293,B23,T6,F2,6.59443,0.75366,0.11429
0.2,293,B24,T6,F2,6.22095,0.75777,0.12181
0.2,293,B25,T6,F2,5.82659,0.709,0.12168
0.5,293,B1,T6,F3,6.46508,1.02422,0.15842
0.5,293,B2,T6,F3,6.14542,0.90532,0.14732
0.5,293,B3,T6,F3,7.1287,1.02034,0.14313
0.5,293,B4,T6,F3,7.09141,1.15673,0.16312
0.5,293,B5,T6,F3,7.53798,0.96155,0.12756
0.5,293,B6,T6,F3,6.93603,0.96923,0.13975
0.5,293,B7,T6,F3,6.68445,0.94054,0.14071
0.5,293,B8,T6,F3,6.05172,0.92364,0.15262
0.5,293,B9,T6,F3,6.17223,0.97458,0.1579
0.5,293,B10,T6,F3,6.39781,0.95367,0.14906
0.5,293,B11,T6,F3,7.76273,0.93789,0.12082
0.5,293,B12,T6,F3,6.47489,0.83994,0.12972
0.5,293,B13,T6,F3,7.70793,1.1608,0.1506
0.5,293,B14,T6,F3,7.04414,0.956,0.13572
0.5,293,B15,T6,F3,7.01589,0.97005,0.13826
0.5,293,B16,T6,F3,7.37453,1.04163,0.14124
0.5,293,B17,T6,F3,6.71888,0.9562,0.14231
0.5,293,B18,T6,F3,7.43466,1.01401,0.13639
0.5,293,B19,T6,F3,6.56637,0.96133,0.1464
0.5,293,B20,T6,F3,7.16582,1.08905,0.15198
0.5,293,B21,T6,F3,7.87142,1.04767,0.13309
0.5,293,B22,T6,F3,6.60927,0.94271,0.14266
0.5,293,B23,T6,F3,7.00554,1.01226,0.14449
0.5,293,B24,T6,F3,6.65609,1.02692,0.15427
0.5,293,B25,T6,F3,6.23379,0.96018,0.15403
1,293,B1,T6,F4,6.90357,1.30155,0.18852
1,293,B2,T6,F4,6.51948,1.14099,0.17502
1,293,B3,T6,F4,7.54873,1.29006,0.17089
1,293,B4,T6,F4,7.54783,1.47064,0.19485
1,293,B5,T6,F4,7.93719,1.21202,0.1527
1,293,B6,T6,F4,7.34886,1.23327,0.16782
1,293,B7,T6,F4,7.07594,1.19359,0.16868
1,293,B8,T6,F4,6.43437,1.16588,0.18119
1,293,B9,T6,F4,6.56929,1.23528,0.18804
1,293,B10,T6,F4,6.7917,1.201,0.17683
1,293,B11,T6,F4,8.14845,1.1839,0.14529
1,293,B12,T6,F4,6.81025,1.0627,0.15604
1,293,B13,T6,F4,8.18017,1.4906,0.18222
1,293,B14,T6,F4,7.44177,1.21056,0.16268
1,293,B15,T6,F4,7.411,1.22708,0.16557
1,293,B16,T6,F4,7.80315,1.31901,0.16902
1,293,B17,T6,F4,7.11374,1.21117,0.17026
1,293,B18,T6,F4,7.85452,1.28648,0.16379
1,293,B19,T6,F4,6.9628,1.21042,0.17384
1,293,B20,T6,F4,7.60777,1.38794,0.18243
1,293,B21,T6,F4,8.2872,1.32636,0.16004
1,293,B22,T6,F4,7.01041,1.18578,0.16915
1,293,B23,T6,F4,7.42569,1.28057,0.17245
1,293,B24,T6,F4,7.0839,1.30594,0.18435
1,293,B25,T6,F4,6.63965,1.21298,0.18268
2,293,B1,T6,F5,7.43155,1.7128,0.23046
2,293,B2,T6,F5,6.97613,1.48494,0.21287
2,293,B3,T6,F5,8.06524,1.68652,0.2091
2,293,B4,T6,F5,8.12921,1.94229,0.23893
2,293,B5,T6,F5,8.41826,1.5795,0.18762
2,293,B6,T6,F5,7.83693,1.62117,0.20687
2,293,B7,T6,F5,7.55122,1.55601,0.20606
2,293,B8,T6,F5,6.90044,1.52668,0.22123
2,293,B9,T6,F5,7.062,1.62224,0.22971
2,293,B10,T6,F5,7.26819,1.57463,0.21665
2,293,B11,T6,F5,8.62184,1.55042,0.17982
2,293,B12,T6,F5,7.24106,1.3768,0.19012
2,293,B13,T6,F5,8.77568,1.9767,0.22524
2,293,B14,T6,F5,7.93326,1.59641,0.20123
2,293,B15,T6,F5,7.89145,1.61688,0.20489
2,293,B16,T6,F5,8.3299,1.72923,0.20758
2,293,B17,T6,F5,7.60174,1.58505,0.20852
2,293,B18,T6,F5,8.37194,1.6925,0.20216
2,293,B19,T6,F5,7.4493,1.58771,0.21314
2,293,B20,T6,F5,8.15825,1.83368,0.22476
2,293,B21,T6,F5,8.81078,1.74225,0.19773
2,293,B22,T6,F5,7.50367,1.55526,0.20727
2,293,B23,T6,F5,7.92409,1.68271,0.21235
2,293,B24,T6,F5,7.62086,1.72135,0.22587
2,293,B25,T6,F5,7.12738,1.5918,0.22333
5,293,B1,T6,F6,8.38304,2.51788,0.30033
5,293,B2,T6,F6,7.79511,2.1606,0.27718
5,293,B3,T6,F6,8.99496,2.46714,0.27426
5,293,B4,T6,F6,9.18664,2.87447,0.3129
5,293,B5,T6,F6,9.28244,2.30556,0.24837
5,293,B6,T6,F6,8.7212,2.38829,0.27386
5,293,B7,T6,F6,8.41618,2.28274,0.27123
5,293,B8,T6,F6,7.73869,2.24037,0.28948
5,293,B9,T6,F6,7.95491,2.38875,0.30029
5,293,B10,T6,F6,8.14033,2.30627,0.28331
5,293,B11,T6,F6,9.46096,2.27144,0.24008
5,293,B12,T6,F6,7.99171,2.01167,0.2517
5,293,B13,T6,F6,9.84159,2.92358,0.29705
5,293,B14,T6,F6,8.79812,2.35677,0.26786
5,293,B15,T6,F6,8.77798,2.37924,0.27104
5,293,B16,T6,F6,9.26807,2.53832,0.27385
5,293,B17,T6,F6,8.47347,2.32947,0.27493
5,293,B18,T6,F6,9.29437,2.49658,0.26861
5,293,B19,T6,F6,8.31072,2.32005,0.27917
5,293,B20,T6,F6,9.16759,2.71073,0.29567
5,293,B21,T6,F6,9.75695,2.56578,0.26296
5,293,B22,T6,F6,8.37012,2.28398,0.27286
5,293,B23,T6,F6,8.83471,2.47761,0.28044
5,293,B24,T6,F6,8.55973,2.53608,0.29627
5,293,B25,T6,F6,7.99748,2.33713,0.29221
10,293,B1,T6,F7,9.35099,3.48949,0.37314
10,293,B2,T6,F7,8.62628,2.97796,0.34523
10,293,B3,T6,F7,9.93509,3.41311,0.34352
10,293,B4,T6,F7,10.27307,3.98679,0.38809
10,293,B5,T6,F7,10.13483,3.18277,0.31403
10,293,B6,T6,F7,9.62411,3.3086,0.34379
10,293,B7,T6,F7,9.27679,3.1502,0.33958
10,293,B8,T6,F7,8.59063,3.09973,0.3608
10,293,B9,T6,F7,8.8683,3.31085,0.37334
10,293,B10,T6,F7,9.02133,3.19661,0.35434
10,293,B11,T6,F7,10.29681,3.14417,0.30535
10,293,B12,T6,F7,8.73581,2.78753,0.31907
10,293,B13,T6,F7,10.93991,4.0527,0.37044
10,293,B14,T6,F7,9.69331,3.28179,0.33854
10,293,B15,T6,F7,9.66667,3.30439,0.34183
10,293,B16,T6,F7,10.225,3.51625,0.34385
10,293,B17,T6,F7,9.36113,3.22447,0.34447
10,293,B18,T6,F7,10.22961,3.4673,0.33895
10,293,B19,T6,F7,9.19763,3.20966,0.34897
10,293,B20,T6,F7,10.19801,3.75017,0.36771
10,293,B21,T6,F7,10.72087,3.55051,0.33116
10,293,B22,T6,F7,9.23897,3.16402,0.34245
10,293,B23,T6,F7,9.77283,3.43295,0.35127
10,293,B24,T6,F7,9.52907,3.51987,0.36936
10,293,B25,T6,F7,8.8969,3.24082,0.36423
20,293,B1,T6,F8,10.65251,4.80465,0.451
20,293,B2,T6,F8,9.73101,4.08177,0.41947
20,293,B3,T6,F8,11.18121,4.68351,0.41885
20,293,B4,T6,F8,11.74953,5.49624,0.46779
20,293,B5,T6,F8,11.24289,4.37577,0.38919
20,293,B6,T6,F8,10.79947,4.57504,0.42364
20,293,B7,T6,F8,10.42666,4.31612,0.41395
20,293,B8,T6,F8,9.73937,4.26513,0.43789
20,293,B9,T6,F8,10.10602,4.56525,0.45174
20,293,B10,T6,F8,10.20567,4.39119,0.43027
20,293,B11,T6,F8,11.36701,4.3447,0.38221
20,293,B12,T6,F8,9.7556,3.83191,0.39276
20,293,B13,T6,F8,12.38269,5.60681,0.45278
20,293,B14,T6,F8,10.84914,4.52541,0.4171
20,293,B15,T6,F8,10.84766,4.55031,0.41947
20,293,B16,T6,F8,11.49092,4.85104,0.42211
20,293,B17,T6,F8,10.53286,4.43092,0.4207
20,293,B18,T6,F8,11.4637,4.80853,0.41946
20,293,B19,T6,F8,10.37825,4.40899,0.42483
20,293,B20,T6,F8,11.59128,5.18079,0.44693
20,293,B21,T6,F8,11.96535,4.89871,0.40939
20,293,B22,T6,F8,10.40438,4.34757,0.41782
20,293,B23,T6,F8,11.01192,4.72948,0.42948
20,293,B24,T6,F8,10.82812,4.85702,0.44854
20,293,B25,T6,F8,10.09039,4.45463,0.44142
50,293,B1,T6,F9,13.27718,7.62472,0.57424
50,293,B2,T6,F9,12.02773,6.49337,0.53988
50,293,B3,T6,F9,13.59768,7.47348,0.54958
50,293,B4,T6,F9,14.65467,8.74444,0.59671
50,293,B5,T6,F9,13.0647,6.98803,0.53486
50,293,B6,T6,F9,12.86665,7.29085,0.56665
50,293,B7,T6,F9,12.67518,6.86781,0.54183
50,293,B8,T6,F9,12.03298,6.79997,0.56507
50,293,B9,T6,F9,12.62694,7.26517,0.57538
50,293,B10,T6,F9,12.589,7.01528,0.55725
50,293,B11,T6,F9,12.94533,6.9984,0.5406
50,293,B12,T6,F9,11.70339,6.16123,0.52642
50,293,B13,T6,F9,14.91467,8.88717,0.59585
50,293,B14,T6,F9,12.96121,7.29847,0.56306
50,293,B15,T6,F9,13.00959,7.31769,0.56248
50,293,B16,T6,F9,13.77012,7.73202,0.56145
50,293,B17,T6,F9,12.82149,7.10992,0.55454
50,293,B18,T6,F9,13.61293,7.70603,0.56608
50,293,B19,T6,F9,12.74934,7.01893,0.55054
50,293,B20,T6,F9,14.30005,8.24452,0.5765
50,293,B21,T6,F9,14.09491,7.8037,0.55364
50,293,B22,T6,F9,12.68169,6.97886,0.55026
50,293,B23,T6,F9,13.30183,7.54041,0.56686
50,293,B24,T6,F9,13.36817,7.74107,0.57904
50,293,B25,T6,F9,12.49308,7.12001,0.56985
100,293,B1,T6,F10,16.4899,11.28977,0.68463
100,293,B2,T6,F10,14.95697,9.69032,0.64787
100,293,B3,T6,F10,16.2937,11.13215,0.68318
100,293,B4,T6,F10,18.14665,12.95866,0.71412
100,293,B5,T6,F10,14.02266,10.31546,0.7356
100,293,B6,T6,F10,14.59612,10.86119,0.74411
100,293,B7,T6,F10,15.12252,10.33635,0.68349
100,293,B8,T6,F10,14.84342,10.06887,0.6783
100,293,B9,T6,F10,15.79036,10.837,0.68631
100,293,B10,T6,F10,15.50017,10.49891,0.67733
100,293,B11,T6,F10,13.03798,10.43601,0.80042
100,293,B12,T6,F10,13.79781,9.20999,0.66748
100,293,B13,T6,F10,16.88446,13.01683,0.77092
100,293,B14,T6,F10,14.57752,10.92557,0.74947
100,293,B15,T6,F10,14.97807,10.9092,0.72834
100,293,B16,T6,F10,15.91616,11.5674,0.72672
100,293,B17,T6,F10,15.287,10.59001,0.69276
100,293,B18,T6,F10,15.27752,11.44426,0.74909
100,293,B19,T6,F10,15.44282,10.62101,0.68777
100,293,B20,T6,F10,17.56116,12.33063,0.70213
100,293,B21,T6,F10,15.77425,11.64746,0.73837
100,293,B22,T6,F10,15.07101,10.30373,0.68364
100,293,B23,T6,F10,15.53332,11.26198,0.72501
100,293,B24,T6,F10,16.30854,11.5642,0.70908
100,293,B25,T6,F10,15.35099,10.61805,0.69162
0.1,323,B1,T7,F1,4.17783,0.22607,0.05411
0.1,323,B2,T7,F1,3.9676,0.20759,0.05232
0.1,323,B3,T7,F1,4.70422,0.22576,0.04799
0.1,323,B4,T7,F1,4.30766,0.22536,0.05232
0.1,323,B5,T7,F1,5.45954,0.24923,0.04565
0.1,323,B6,T7,F1,4.43737,0.21114,0.04758
0.1,323,B7,T7,F1,4.29446,0.21627,0.05036
0.1,323,B8,T7,F1,3.83804,0.20876,0.05439
0.1,323,B9,T7,F1,3.82716,0.2101,0.0549
0.1,323,B10,T7,F1,4.21754,0.21885,0.05189
0.1,323,B11,T7,F1,5.6071,0.22877,0.0408
0.1,323,B12,T7,F1,4.31136,0.20506,0.04756
0.1,323,B13,T7,F1,5.01936,0.20735,0.04131
0.1,323,B14,T7,F1,4.7133,0.18039,0.03827
0.1,323,B15,T7,F1,4.70304,0.23213,0.04936
0.1,323,B16,T7,F1,4.69581,0.21645,0.04609
0.1,323,B17,T7,F1,4.22423,0.20731,0.04908
0.1,323,B18,T7,F1,4.5419,0.20721,0.04562
0.1,323,B19,T7,F1,4.56114,0.23619,0.05178
0.1,323,B20,T7,F1,4.86648,0.20578,0.04229
0.1,323,B21,T7,F1,5.457,0.23384,0.04285
0.1,323,B22,T7,F1,4.37912,0.21802,0.04978
0.1,323,B23,T7,F1,4.79077,0.23116,0.04825
0.1,323,B24,T7,F1,4.08395,0.19618,0.04805
0.1,323,B25,T7,F1,3.91361,0.20415,0.05216
0.2,323,B1,T7,F2,4.31717,0.23497,0.05443
0.2,323,B2,T7,F2,4.10726,0.23025,0.05607
0.2,323,B3,T7,F2,4.83933,0.24226,0.05006
0.2,323,B4,T7,F2,4.44849,0.23253,0.05226
0.2,323,B5,T7,F2,5.61527,0.26348,0.04692
0.2,323,B6,T7,F2,4.57427,0.215,0.047
0.2,323,B7,T7,F2,4.46055,0.23099,0.05179
0.2,323,B8,T7,F2,3.97833,0.21582,0.05425
0.2,323,B9,T7,F2,3.97046,0.21087,0.05311
0.2,323,B10,T7,F2,4.36891,0.23248,0.05321
0.2,323,B11,T7,F2,5.76403,0.24972,0.04331
0.2,323,B12,T7,F2,4.436,0.20766,0.04681
0.2,323,B13,T7,F2,5.20038,0.2226,0.04281
0.2,323,B14,T7,F2,4.79551,0.20036,0.04178
0.2,323,B15,T7,F2,4.87107,0.22303,0.04578
0.2,323,B16,T7,F2,4.85471,0.22062,0.04545
0.2,323,B17,T7,F2,4.42433,0.20957,0.04737
0.2,323,B18,T7,F2,4.66725,0.21575,0.04625
0.2,323,B19,T7,F2,4.72981,0.23069,0.04876
0.2,323,B20,T7,F2,5.00344,0.2208,0.04412
0.2,323,B21,T7,F2,5.61136,0.25337,0.04515
0.2,323,B22,T7,F2,4.55196,0.20761,0.04563
0.2,323,B23,T7,F2,4.9516,0.24099,0.04867
0.2,323,B24,T7,F2,4.23345,0.20506,0.04847
0.2,323,B25,T7,F2,4.07119,0.21201,0.05207
0.5,323,B1,T7,F3,4.45015,0.26055,0.05855
0.5,323,B2,T7,F3,4.24504,0.25036,0.05897
0.5,323,B3,T7,F3,4.98822,0.27347,0.05482
0.5,323,B4,T7,F3,4.58443,0.2624,0.05724
0.5,323,B5,T7,F3,5.76261,0.30555,0.05302
0.5,323,B6,T7,F3,4.69965,0.2459,0.05232
0.5,323,B7,T7,F3,4.60457,0.2606,0.0566
0.5,323,B8,T7,F3,4.10929,0.23927,0.05822
0.5,323,B9,T7,F3,4.08289,0.2366,0.05794
0.5,323,B10,T7,F3,4.48558,0.26178,0.05836
0.5,323,B11,T7,F3,5.90027,0.282,0.04779
0.5,323,B12,T7,F3,4.49463,0.2407,0.05355
0.5,323,B13,T7,F3,5.32838,0.2609,0.04895
0.5,323,B14,T7,F3,4.94371,0.2285,0.04622
0.5,323,B15,T7,F3,4.95163,0.25361,0.05122
0.5,323,B16,T7,F3,4.98896,0.24638,0.04939
0.5,323,B17,T7,F3,4.57714,0.23126,0.05053
0.5,323,B18,T7,F3,4.78692,0.24902,0.05203
0.5,323,B19,T7,F3,4.87519,0.25399,0.05211
0.5,323,B20,T7,F3,5.14443,0.25108,0.04879
0.5,323,B21,T7,F3,5.75698,0.27936,0.04852
0.5,323,B22,T7,F3,4.6973,0.23403,0.04983
0.5,323,B23,T7,F3,5.08263,0.27517,0.05414
0.5,323,B24,T7,F3,4.3713,0.24067,0.05503
0.5,323,B25,T7,F3,4.20012,0.23355,0.05562
1,323,B1,T7,F4,4.57517,0.27122,0.05928
1,323,B2,T7,F4,4.35963,0.26119,0.05991
1,323,B3,T7,F4,5.11958,0.28556,0.05577
1,323,B4,T7,F4,4.70558,0.27434,0.0583
1,323,B5,T7,F4,5.8973,0.32685,0.05542
1,323,B6,T7,F4,4.8157,0.25975,0.05394
1,323,B7,T7,F4,4.7132,0.25958,0.05507
1,323,B8,T7,F4,4.22183,0.2497,0.05914
1,323,B9,T7,F4,4.18968,0.24081,0.05747
1,323,B10,T7,F4,4.61111,0.27044,0.05865
1,323,B11,T7,F4,6.02391,0.30028,0.04984
1,323,B12,T7,F4,4.58918,0.25658,0.05593
1,323,B13,T7,F4,5.45544,0.27684,0.05073
1,323,B14,T7,F4,5.05442,0.23126,0.04576
1,323,B15,T7,F4,5.0639,0.26582,0.05249
1,323,B16,T7,F4,5.10359,0.25211,0.0494
1,323,B17,T7,F4,4.6922,0.24093,0.05135
1,323,B18,T7,F4,4.89746,0.2557,0.05222
1,323,B19,T7,F4,5.0018,0.26322,0.05262
1,323,B20,T7,F4,5.27347,0.26529,0.05029
1,323,B21,T7,F4,5.89202,0.2907,0.04933
1,323,B22,T7,F4,4.8165,0.2412,0.05009
1,323,B23,T7,F4,5.20798,0.29172,0.05601
1,323,B24,T7,F4,4.51141,0.24995,0.05538
1,323,B25,T7,F4,4.31084,0.23551,0.05465
2,323,B1,T7,F5,4.70096,0.31095,0.06614
2,323,B2,T7,F5,4.47742,0.29218,0.06525
2,323,B3,T7,F5,5.24049,0.32232,0.0615
2,323,B4,T7,F5,4.82757,0.30303,0.06277
2,323,B5,T7,F5,6.03396,0.37377,0.06194
2,323,B6,T7,F5,4.92595,0.29153,0.05918
2,323,B7,T7,F5,4.83776,0.3016,0.06235
2,323,B8,T7,F5,4.3333,0.27988,0.06459
2,323,B9,T7,F5,4.30014,0.26906,0.06257
2,323,B10,T7,F5,4.73217,0.30267,0.06396
2,323,B11,T7,F5,6.14772,0.33719,0.05485
2,323,B12,T7,F5,4.71488,0.28551,0.06056
2,323,B13,T7,F5,5.58474,0.31301,0.05603
2,323,B14,T7,F5,5.16435,0.25928,0.05021
2,323,B15,T7,F5,5.2041,0.29886,0.05743
2,323,B16,T7,F5,5.21823,0.27916,0.0535
2,323,B17,T7,F5,4.81579,0.26856,0.05577
2,323,B18,T7,F5,5.0298,0.28171,0.05602
2,323,B19,T7,F5,5.11408,0.29134,0.05696
2,323,B20,T7,F5,5.39666,0.30321,0.05617
2,323,B21,T7,F5,6.02166,0.32461,0.0539
2,323,B22,T7,F5,4.86385,0.2667,0.05485
2,323,B23,T7,F5,5.3418,0.33173,0.0621
2,323,B24,T7,F5,4.62159,0.27689,0.05989
2,323,B25,T7,F5,4.42189,0.25921,0.05863
5,323,B1,T7,F6,4.893,0.36483,0.07456
5,323,B2,T7,F6,4.65632,0.33656,0.07227
5,323,B3,T7,F6,5.44718,0.37788,0.06937
5,323,B4,T7,F6,5.01674,0.34553,0.06886
5,323,B5,T7,F6,6.24566,0.44751,0.07165
5,323,B6,T7,F6,5.10602,0.33917,0.06643
5,323,B7,T7,F6,5.01964,0.34222,0.06817
5,323,B8,T7,F6,4.5065,0.31927,0.07084
5,323,B9,T7,F6,4.46644,0.30415,0.0681
5,323,B10,T7,F6,4.91735,0.34503,0.07017
5,323,B11,T7,F6,6.3388,0.39995,0.06309
5,323,B12,T7,F6,4.93282,0.32725,0.06634
5,323,B13,T7,F6,5.77225,0.36431,0.0631
5,323,B14,T7,F6,5.33496,0.29515,0.05533
5,323,B15,T7,F6,5.39261,0.34743,0.06442
5,323,B16,T7,F6,5.3909,0.31559,0.05854
5,323,B17,T7,F6,4.9987,0.30407,0.06083
5,323,B18,T7,F6,5.22234,0.31742,0.0608
5,323,B19,T7,F6,5.28517,0.32923,0.06228
5,323,B20,T7,F6,5.58262,0.34894,0.06248
5,323,B21,T7,F6,6.2088,0.37124,0.05977
5,323,B22,T7,F6,5.03419,0.29581,0.05878
5,323,B23,T7,F6,5.54399,0.39341,0.07096
5,323,B24,T7,F6,4.78849,0.31684,0.06615
5,323,B25,T7,F6,4.58268,0.28526,0.06227
10,323,B1,T7,F7,5.05287,0.48578,0.09613
10,323,B2,T7,F7,4.79576,0.44109,0.09197
10,323,B3,T7,F7,5.59717,0.49402,0.08825
10,323,B4,T7,F7,5.15727,0.45733,0.08867
10,323,B5,T7,F7,6.40503,0.57944,0.09046
10,323,B6,T7,F7,5.23392,0.44675,0.08536
10,323,B7,T7,F7,5.16384,0.44853,0.08686
10,323,B8,T7,F7,4.63682,0.424,0.09144
10,323,B9,T7,F7,4.59456,0.40235,0.08757
10,323,B10,T7,F7,5.05835,0.45132,0.08923
10,323,B11,T7,F7,6.47128,0.51169,0.07907
10,323,B12,T7,F7,5.07388,0.43095,0.08492
10,323,B13,T7,F7,5.904,0.47674,0.08074
10,323,B14,T7,F7,5.45816,0.39347,0.0721
10,323,B15,T7,F7,5.53145,0.4604,0.08323
10,323,B16,T7,F7,5.51012,0.4078,0.07402
10,323,B17,T7,F7,5.12647,0.3996,0.07793
10,323,B18,T7,F7,5.34159,0.41722,0.07813
10,323,B19,T7,F7,5.4161,0.43074,0.07951
10,323,B20,T7,F7,5.7215,0.45538,0.07955
10,323,B21,T7,F7,6.34051,0.48312,0.07617
10,323,B22,T7,F7,5.16122,0.39106,0.07579
10,323,B23,T7,F7,5.69515,0.51566,0.09054
10,323,B24,T7,F7,4.91892,0.41707,0.08475
10,323,B25,T7,F7,4.70163,0.37506,0.0798
20,323,B1,T7,F8,5.24687,0.55714,0.10618
20,323,B2,T7,F8,4.97435,0.49509,0.09953
20,323,B3,T7,F8,5.77368,0.57278,0.09919
20,323,B4,T7,F8,5.34207,0.51091,0.09562
20,323,B5,T7,F8,6.54012,0.68032,0.10401
20,323,B6,T7,F8,5.36675,0.51049,0.09512
20,323,B7,T7,F8,5.3293,0.5101,0.09571
20,323,B8,T7,F8,4.80248,0.47236,0.09835
20,323,B9,T7,F8,4.76153,0.4405,0.09251
20,323,B10,T7,F8,5.24378,0.50034,0.09542
20,323,B11,T7,F8,6.55095,0.59435,0.09072
20,323,B12,T7,F8,5.2586,0.4804,0.09134
20,323,B13,T7,F8,6.02541,0.55996,0.09289
20,323,B14,T7,F8,5.55504,0.43995,0.0792
20,323,B15,T7,F8,5.67262,0.51923,0.09153
20,323,B16,T7,F8,5.6255,0.45136,0.08024
20,323,B17,T7,F8,5.26586,0.44686,0.08484
20,323,B18,T7,F8,5.48023,0.45829,0.08366
20,323,B19,T7,F8,5.56317,0.49017,0.0881
20,323,B20,T7,F8,5.88904,0.51183,0.08686
20,323,B21,T7,F8,6.45175,0.55061,0.08531
20,323,B22,T7,F8,5.29875,0.42437,0.08011
20,323,B23,T7,F8,5.86797,0.60448,0.10301
20,323,B24,T7,F8,5.07352,0.45905,0.0904
20,323,B25,T7,F8,4.84649,0.40566,0.08372
50,323,B1,T7,F9,5.63745,0.87528,0.15525
50,323,B2,T7,F9,5.35797,0.77654,0.14491
50,323,B3,T7,F9,6.02399,0.90698,0.15054
50,323,B4,T7,F9,5.66811,0.81732,0.14418
50,323,B5,T7,F9,6.41097,1.06879,0.1667
50,323,B6,T7,F9,5.3955,0.81293,0.15066
50,323,B7,T7,F9,5.57586,0.79952,0.14337
50,323,B8,T7,F9,5.09102,0.7479,0.14689
50,323,B9,T7,F9,5.09051,0.70184,0.13787
50,323,B10,T7,F9,5.58302,0.78545,0.14069
50,323,B11,T7,F9,6.16485,0.9643,0.15641
50,323,B12,T7,F9,5.54039,0.75676,0.13658
50,323,B13,T7,F9,5.94301,0.91603,0.1541
50,323,B14,T7,F9,5.50077,0.74828,0.136
50,323,B15,T7,F9,5.75031,0.83804,0.14573
50,323,B16,T7,F9,5.62319,0.72201,0.1284
50,323,B17,T7,F9,5.43306,0.71547,0.13166
50,323,B18,T7,F9,5.60432,0.73272,0.13077
50,323,B19,T7,F9,5.68519,0.75723,0.13316
50,323,B20,T7,F9,6.10181,0.81883,0.13412
50,323,B21,T7,F9,6.2757,0.87025,0.13862
50,323,B22,T7,F9,5.41023,0.68874,0.12732
50,323,B23,T7,F9,6.02138,0.94697,0.15726
50,323,B24,T7,F9,5.38462,0.7384,0.13705
50,323,B25,T7,F9,5.08272,0.63783,0.12552
100,323,B1,T7,F10,6.17881,1.45247,0.23508
100,323,B2,T7,F10,6.03025,1.34437,0.22295
100,323,B3,T7,F10,6.06446,1.53698,0.25351
100,323,B4,T7,F10,6.03722,1.43304,0.23729
100,323,B5,T7,F10,4.94175,1.75562,0.35525
100,323,B6,T7,F10,4.74882,1.48509,0.31271
100,323,B7,T7,F10,5.72963,1.39809,0.24403
100,323,B8,T7,F10,5.38599,1.24896,0.23191
100,323,B9,T7,F10,5.66448,1.218,0.21503
100,323,B10,T7,F10,6.02852,1.3009,0.2158
100,323,B11,T7,F10,3.98378,1.62175,0.40709
100,323,B12,T7,F10,5.92389,1.31106,0.22141
100,323,B13,T7,F10,4.79772,1.55909,0.32491
100,323,B14,T7,F10,4.5847,1.31336,0.28641
100,323,B15,T7,F10,5.24807,1.40686,0.26805
100,323,B16,T7,F10,5.02873,1.25477,0.24953
100,323,B17,T7,F10,5.36387,1.30146,0.24264
100,323,B18,T7,F10,5.39565,1.27653,0.23651
100,323,B19,T7,F10,5.41018,1.32143,0.24417
100,323,B20,T7,F10,6.10086,1.43211,0.23464
100,323,B21,T7,F10,4.90517,1.44949,0.29542
100,323,B22,T7,F10,5.24195,1.17463,0.2241
100,323,B23,T7,F10,5.73829,1.60089,0.27898
100,323,B24,T7,F10,5.83547,1.40925,0.24149
100,323,B25,T7,F10,5.45149,1.18785,0.21793
